pressure0,interval,gapX,gapY,gap,pos_x,pos_y,msec,v_x,v_y,v,aX,aY,a,Mode
0.764648438,868.1,-0.799987793,-0.800018311,1.131375166,667.2875061,272.3999939,12.39999998,-0.064515145,-0.064517606,0.091239933,-0.005202834,-0.005203033,0.007358059,page
0.412109375,897.1999999,-8,0.800018311,8.039902319,596.8874817,305.2000122,11.60000002,-0.689655171,0.068967096,0.693095026,-0.059453032,0.005945439,0.059749571,page
0.693359375,3288.3,0.799987793,-0.799987793,1.131353587,344.8874817,334.8000183,11.60000002,0.068964465,-0.068964465,0.097530481,0.005945212,-0.005945212,0.0084078,page
0.97265625,587.0999999,-0.799987793,0,0.799987793,586.4875183,314.8000183,13.70000005,-0.058393269,0,0.058393269,-0.004262282,0,0.004262282,page
0.635742188,690,0.799987793,0.799987793,1.131353587,243.2875061,385.2000122,11.80000007,0.067795575,0.067795575,0.095877422,0.005745388,0.005745388,0.008125205,page
0.736328125,296,0.799987793,0,0.799987793,292.0874939,387.6000671,11.60000002,0.068964465,0,0.068964465,0.005945212,0,0.005945212,page
0.2109375,7432.9,0.800018311,0,0.800018311,32.88751221,42.80000305,12,0.066668193,0,0.066668193,0.005555683,0,0.005555683,pen
0.262695313,220.9000001,-0.799987793,-0.800003052,1.131364376,71.2875061,21.19999695,12,-0.066665649,-0.066666921,0.094280365,-0.005555471,-0.005555577,0.007856697,pen
0.490234375,160,0.800018311,0,0.800018311,64.88751221,38.80000305,11.5,0.06956681,0,0.06956681,0.006049288,0,0.006049288,pen
0.33203125,175.5,0,0,0,68.0874939,41.19999695,10.79999995,0,0,0,0,0,0,pen
0.19140625,66.60000002,-0.799987793,0.799995422,1.131358981,68.88751221,58,12.79999995,-0.062499047,0.062499643,0.088387421,-0.004882738,0.004882785,0.006905267,pen
0.3828125,163.0999999,0,0,0,58.48748779,60.40001678,12.20000005,0,0,0,0,0,0,pen
0.190429688,298.5,0,0,0,94.48748779,26,14.10000002,0,0,0,0,0,0,pen
0.104492188,57.60000002,0,0,0,92.0874939,26.80000305,10.70000005,0,0,0,0,0,0,pen
0.2421875,130.1999999,0,0,0,89.6875,54.79999924,11.4000001,0,0,0,0,0,0,pen
0.095703125,66.39999998,0,0.800003052,0.800003052,88.0874939,58.80000305,12.69999993,0,0.062992367,0.062992367,0,0.004960029,0.004960029,pen
0.147460938,1625.5,0,0,0,140.0874939,24.40000916,11.80000007,0,0,0,0,0,0,pen
0.109375,69,0,0,0,140.0874939,22.80000305,11.29999995,0,0,0,0,0,0,pen
0.3125,127.3,0.800018311,0,0.800018311,131.2875061,41.19999695,11.5,0.06956681,0,0.06956681,0.006049288,0,0.006049288,pen
0.193359375,107.9,-0.800018311,0,0.800018311,124.0874939,58.80000305,12,-0.066668193,0,0.066668193,-0.005555683,0,0.005555683,pen
0.41015625,150.9,0,0,0,176.8875122,18,12.80000007,0,0,0,0,0,0,pen
0.383789063,94.70000005,0,0,0,170.4874878,34.80000305,12.70000005,0,0,0,0,0,0,pen
0.283203125,122.8,0,0,0,196.0874939,32.40000916,11.80000007,0,0,0,0,0,0,pen
0.296875,98.60000002,0,0,0,200.8875122,21.19999695,11.39999998,0,0,0,0,0,0,pen
0.28515625,1112.6,0,0,0,235.2875061,15.6000061,11.20000005,0,0,0,0,0,0,pen
0.318359375,99.60000002,0,0,0,224.0874939,24.40000916,12,0,0,0,0,0,0,pen
0.323242188,49.89999998,0,0.800003052,0.800003052,251.2875061,18.80000305,12.29999995,0,0.065040899,0.065040899,0,0.005287878,0.005287878,pen
0.385742188,115.6,0,0,0,224.0874939,40.40000916,11.20000005,0,0,0,0,0,0,pen
0.418945313,123,0,0,0,224.0874939,49.20000076,12.19999993,0,0,0,0,0,0,pen
0.274414063,54.29999995,0,0,0,228.8874817,65.20000458,11.70000005,0,0,0,0,0,0,pen
0.302734375,167.6,0.800048828,0,0.800048828,261.6875305,19.6000061,14.19999993,0.056341467,0,0.056341467,0.003967709,0,0.003967709,pen
0.37890625,85.5,-0.799987793,0,0.799987793,263.2875061,32.40000916,14.5,-0.055171572,0,0.055171572,-0.003804936,0,0.003804936,pen
0.342773438,130.6,0,0,0,272.0874939,40.40000916,11.10000002,0,0,0,0,0,0,pen
0.18359375,83.9000001,0,0,0,266.4875183,45.20000076,11.69999993,0,0,0,0,0,0,pen
0.293945313,158.9000001,0,0,0,276.0874939,33.19999695,12,0,0,0,0,0,0,pen
0.4453125,107.3,-0.799987793,0.800003052,1.131364376,286.4875183,35.6000061,11.79999995,-0.067795576,0.067796869,0.095878337,-0.005745388,0.005745497,0.008125283,pen
0.677734375,423.5,0,0,0,321.6875305,21.19999695,11.79999995,0,0,0,0,0,0,pen
0.291992188,105.0999999,0,-0.800003052,0.800003052,313.6875305,41.19999695,11,0,-0.07272755,0.07272755,0,-0.006611595,0.006611595,pen
0.436523438,312.3000001,0,0,0,352.0874939,18.80000305,12,0,0,0,0,0,0,pen
0.28125,88.19999993,0.799987793,0,0.799987793,358.4875183,26.80000305,12.70000005,0.062991165,0,0.062991165,0.004959934,0,0.004959934,pen
0.19140625,96.79999995,-0.799987793,0.800003052,1.131364376,357.6875305,34.80000305,12.70000005,-0.062991165,0.062992366,0.089083809,-0.004959934,0.004960029,0.007014473,pen
0.330078125,138.6,0,-0.800003052,0.800003052,371.2875061,17.19999695,11.89999998,0,-0.067227147,0.067227147,0,-0.00564934,0.00564934,pen
0.291992188,84.20000005,0,0,0,376.8874817,22.80000305,12.29999995,0,0,0,0,0,0,pen
0.231445313,84.10000002,0,0.800003052,0.800003052,379.2875061,27.6000061,11.70000005,0,0.068376329,0.068376329,0,0.005844131,0.005844131,pen
0.318359375,155.3000001,0,0,0,352.8874817,42,11.29999995,0,0,0,0,0,0,pen
0.325195313,145.9,0.800048828,0,0.800048828,353.6875305,45.20000076,11.19999993,0.071432932,0,0.071432932,0.00637794,0,0.00637794,pen
0.26953125,133.8,0,0,0,352.0874939,58.80000305,11.5,0,0,0,0,0,0,pen
0.249023438,63.5,-0.799987793,0,0.799987793,356.0874939,66,11.60000002,-0.068964465,0,0.068964465,-0.005945212,0,0.005945212,pen
0.278320313,105.8,0.799987793,0,0.799987793,350.4875183,74.80000305,18.10000002,0.044198221,0,0.044198221,0.002441891,0,0.002441891,pen
0.298828125,146.9,-0.799987793,0,0.799987793,331.2875061,87.6000061,12.5,-0.063999023,0,0.063999023,-0.005119922,0,0.005119922,pen
0.1875,144.4,0,0.800003052,0.800003052,355.2875061,75.6000061,13.29999995,0,0.060150606,0.060150606,0,0.004522602,0.004522602,pen
0.5546875,130.5,0,0,0,373.6875305,70,12.39999998,0,0,0,0,0,0,pen
0.2421875,13358.5,-0.800018311,0,0.800018311,82.48748779,232.4000092,11.5,-0.06956681,0,0.06956681,-0.006049288,0,0.006049288,pen
0.178710938,99.5,0,0,0,96.0874939,229.1999969,14.39999998,0,0,0,0,0,0,pen
0.295898438,124.6,0.800018311,0,0.800018311,79.2875061,242,11.39999998,0.070177045,0,0.070177045,0.006155881,0,0.006155881,pen
0.23828125,179.8000001,0,0.800018311,0.800018311,76.0874939,250.8000183,13.60000002,0,0.058824876,0.058824876,0,0.004325358,0.004325358,pen
0.181640625,108.4,-0.800018311,-0.800018311,1.131396745,74.48748779,260.3999939,12.20000005,-0.065575271,-0.065575271,0.092737438,-0.005375022,-0.005375022,0.007601429,pen
0.264648438,95.79999995,0,0,0,73.6875,264.3999939,11.10000002,0,0,0,0,0,0,pen
0.168945313,51.89999998,-0.799987793,0,0.799987793,80.88751221,270,11.29999995,-0.07079538,0,0.07079538,-0.006265078,0,0.006265078,pen
0.463867188,115.8,0,0.799987793,0.799987793,93.6875,255.6000061,12.20000005,0,0.06557277,0.06557277,0,0.005374817,0.005374817,pen
0.46875,501.9000001,0,0,0,123.2875061,237.1999969,11.0999999,0,0,0,0,0,0,pen
0.545898438,89.5,0.799987793,0,0.799987793,124.0874939,242,11.5,0.069564156,0,0.069564156,0.006049057,0,0.006049057,pen
0.203125,103.3000001,-0.799987793,0.799987793,1.131353587,127.2875061,255.6000061,16.29999995,-0.049079006,0.049079006,0.069408196,-0.003010982,0.003010982,0.004258172,pen
0.2734375,93.39999998,0,0,0,128.0874939,256.3999939,12.20000005,0,0,0,0,0,0,pen
0.28125,104.1,0,0,0,117.6875,266.8000183,12.29999995,0,0,0,0,0,0,pen
0.185546875,137.7,0,-0.800018311,0.800018311,131.2875061,248.3999939,11.79999995,0,-0.067798162,0.067798162,0,-0.005745607,0.005745607,pen
0.514648438,146.4000001,0,0,0,168.8875122,230.8000336,11.69999993,0,0,0,0,0,0,pen
0.387695313,99.5,0,0,0,155.2875061,240.4000092,12,0,0,0,0,0,0,pen
0.26953125,103.7,-0.800018311,0,0.800018311,158.4874878,243.6000061,11.79999995,-0.067798162,0,0.067798162,-0.005745607,0,0.005745607,pen
0.418945313,96.29999995,0,-0.799987793,0.799987793,161.6875,258.8000183,12.20000005,0,-0.06557277,0.06557277,0,-0.005374817,0.005374817,pen
0.129882813,75,-0.799987793,-0.800033569,1.131385956,169.6875,246,12.70000005,-0.062991165,-0.062994769,0.089085508,-0.004959934,-0.004960218,0.007014607,pen
0.349609375,91.60000002,0,0.800033569,0.800033569,175.2875061,246.8000336,12.10000002,0,0.066118477,0.066118477,0,0.005464337,0.005464337,pen
0.370117188,112,0,0,0,167.2875061,265.2000122,11.19999993,0,0,0,0,0,0,pen
0.231445313,241,-0.799987793,0,0.799987793,161.6875,282,12.60000002,-0.063491095,0,0.063491095,-0.005038976,0,0.005038976,pen
0.474609375,80.5,0,0,0,168.0874939,287.6000061,10.89999998,0,0,0,0,0,0,pen
0.307617188,2370.2,0,0,0,215.2875061,254.8000183,12.19999993,0,0,0,0,0,0,pen
0.075195313,30.9000001,0.799987793,-0.799987793,1.131353587,228.8874817,263.6000061,11,0.072726163,-0.072726163,0.102850326,0.006611469,-0.006611469,0.00935003,pen
0.176757813,109.9000001,-0.799987793,-0.800018311,1.131375166,246.4875183,262,11.69999993,-0.068375025,-0.068377634,0.096698733,-0.005844019,-0.005844242,0.008264849,pen
0.276367188,128,0,0,0,275.2875061,260.3999939,11.5,0,0,0,0,0,0,pen
0.345703125,89.10000002,0,-0.799987793,0.799987793,268.8874817,254.8000183,12.29999995,0,-0.065039658,0.065039658,0,-0.005287777,0.005287777,pen
0.307617188,98.79999995,0,0.800003052,0.800003052,316.0874939,244.4000092,13,0,0.061538696,0.061538696,0,0.004733746,0.004733746,pen
0.227539063,81.89999998,-0.799987793,0.800018311,1.131375166,292.0874939,249.2000122,12.10000002,-0.066114694,0.066117216,0.09350208,-0.005464024,0.005464233,0.007727445,pen
0.50390625,392.6,0.799987793,0,0.799987793,322.4875183,239.6000061,11.80000007,0.067795575,0,0.067795575,0.005745388,0,0.005745388,pen
0.427734375,104.5,0,0,0,323.2875061,250.8000183,11.5,0,0,0,0,0,0,pen
0.1015625,61.10000002,0,0,0,328.0874939,259.6000061,12.29999995,0,0,0,0,0,0,pen
0.173828125,104.2,0,0,0,327.2875061,262,11.5,0,0,0,0,0,0,pen
0.298828125,51,-0.799987793,0,0.799987793,331.2875061,267.6000061,11.89999998,-0.067225865,0,0.067225865,-0.005649232,0,0.005649232,pen
0.412109375,99.30000007,0.799987793,0,0.799987793,320.0874939,285.2000122,11.79999995,0.067795576,0,0.067795576,0.005745388,0,0.005745388,pen
0.477539063,152.2,0,0,0,336.0874939,234,11.29999995,0,0,0,0,0,0,pen
0.555664063,129.7,0,0,0,364.8874817,230.8000336,11.29999995,0,0,0,0,0,0,pen
0.5,95.5,0,0,0,350.4875183,242,12.39999998,0,0,0,0,0,0,pen
0.125,87.10000002,-2.399963379,0.799972534,2.529778701,353.6875305,247.6000061,13.5,-0.177775065,0.059257225,0.187391015,-0.013168523,0.004389424,0.013880816,pen
0.293945313,82.20000005,0,0,0,370.4875183,252.3999939,10.79999995,0,0,0,0,0,0,pen
0.170898438,83.5,-1.600036621,-0.799987793,1.788881678,364.8874817,263.6000061,11.69999993,-0.136755268,-0.068375025,0.152895871,-0.011688484,-0.005844019,0.013068023,pen
0.25390625,61.39999998,0,0.800018311,0.800018311,352.8874817,265.2000122,11.80000007,0,0.067798161,0.067798161,0,0.005745607,0.005745607,pen
0.56640625,153,0,0,0,372.8874817,268.3999939,11.10000002,0,0,0,0,0,0,pen
0.188476563,58.29999995,-0.799987793,0.799987793,1.131353587,385.6875305,256.3999939,11.5,-0.069564156,0.069564156,0.098378573,-0.006049057,0.006049057,0.008554658,pen
0.37890625,113.7,0,0.799972534,0.799972534,399.2875061,247.6000061,11.20000005,0,0.071426119,0.071426119,0,0.006377332,0.006377332,pen
0.147460938,75.79999995,-0.799987793,0.800018311,1.131375166,412.0874939,249.2000122,11.39999998,-0.070174368,0.070177045,0.099243436,-0.006155646,0.006155881,0.008705565,pen
0.28125,717.0999999,0,0,0,439.2875061,243.6000061,11.80000007,0,0,0,0,0,0,pen
0.349609375,72,0,0,0,424.0874939,257.2000122,11.89999998,0,0,0,0,0,0,pen
0.159179688,127.6,0,0.799987793,0.799987793,431.2875061,272.3999939,16.10000002,0,0.049688683,0.049688683,0,0.003086254,0.003086254,pen
0.530273438,213.1,0,-0.800018311,0.800018311,465.6875305,262,12.70000005,0,-0.062993568,0.062993568,0,-0.004960123,0.004960123,pen
0.3984375,89.60000002,0,0,0,480.8874817,239.6000061,13.20000005,0,0,0,0,0,0,pen
0.42578125,111.4,0,0,0,466.4875183,242.8000336,12.20000005,0,0,0,0,0,0,pen
0.405273438,286.0999999,0,0,0,500.8874817,254.8000183,11.5,0,0,0,0,0,0,pen
0.533203125,112.6999999,0,0,0,532.0874939,262.8000183,11.39999998,0,0,0,0,0,0,pen
0.4453125,59.5,0,0,0,545.6875305,266,12.79999995,0,0,0,0,0,0,pen
0.4296875,205.2,0.799987793,0,0.799987793,576.0874939,291.6000061,13.0999999,0.061067771,0,0.061067771,0.004661662,0,0.004661662,pen
0.157226563,15310.6,0,0,0,103.2875061,358.8000183,12.20000005,0,0,0,0,0,0,pen
0.3671875,113.9,0,0,0,96.0874939,366,13,0,0,0,0,0,0,pen
0.177734375,110.9,0,0.799987793,0.799987793,103.2875061,374,11.5,0,0.069564156,0.069564156,0,0.006049057,0.006049057,pen
0.193359375,80.39999998,0,0,0,105.6875,379.6000671,11.9000001,0,0,0,0,0,0,pen
0.25,56.5999999,0,-0.799987793,0.799987793,97.6875,389.2000122,12.70000005,0,-0.062991165,0.062991165,0,-0.004959934,0.004959934,pen
0.193359375,105,0,0,0,101.6875,400.4000244,11.5999999,0,0,0,0,0,0,pen
0.6875,186.7,0,0,0,124.0874939,369.2000122,10.89999998,0,0,0,0,0,0,pen
0.16015625,63.5,-0.799987793,0.800048828,1.131396746,127.2875061,375.6000671,12.9000001,-0.062014557,0.062019289,0.087705173,-0.00480733,0.004807697,0.006798851,pen
0.375,71.20000005,0,-0.799987793,0.799987793,122.4874878,388.4000244,11.89999998,0,-0.067225865,0.067225865,0,-0.005649232,0.005649232,pen
0.65625,115.0999999,0,0,0,124.8875122,392.4000244,10.60000002,0,0,0,0,0,0,pen
0.245117188,24.30000007,0,0,0,125.6875,401.2000122,11.69999993,0,0,0,0,0,0,pen
0.4453125,100,0,-0.799926758,0.799926758,117.6875,411.6000671,12.5,0,-0.063994141,0.063994141,0,-0.005119531,0.005119531,pen
0.387695313,112.8,-0.799987793,0,0.799987793,123.2875061,413.2000122,11.60000002,-0.068964465,0,0.068964465,-0.005945212,0,0.005945212,pen
0.305664063,114.4,-0.800018311,0,0.800018311,138.4874878,414,11.89999998,-0.06722843,0,0.06722843,-0.005649448,0,0.005649448,pen
0.153320313,4744.2,0,0,0,187.5925293,392.6474609,11.89999998,0,0,0,0,0,0,pen
0.247070313,673.6999999,0,-0.483703613,0.483703613,219.0335083,361.6901855,11.30000007,0,-0.042805629,0.042805629,0,-0.003788109,0.003788109,pen
0.3984375,128.7,-0.483734131,0.483703613,0.68408179,210.3267517,370.8806152,11.19999993,-0.043190548,0.043187823,0.061078732,-0.003856299,0.003856056,0.005453458,pen
0.448242188,111.4,0,-0.483703613,0.483703613,210.8104858,373.7828674,11.5,0,-0.042061184,0.042061184,0,-0.003657494,0.003657494,pen
0.37890625,151.9,0,0,0,214.1964417,384.424408,10.80000007,0,0,0,0,0,0,pen
0.21875,104.2,0,0,0,221.4520569,378.1362305,11.10000002,0,0,0,0,0,0,pen
0.432617188,103.9,0,0,0,215.1638794,390.2289124,11.4000001,0,0,0,0,0,0,pen
0.374023438,111.1,0,-0.483734131,0.483734131,211.2941895,398.9356384,12.5999999,0,-0.038391598,0.038391598,0,-0.003046952,0.003046952,pen
0.399414063,143.1,0,0.483734131,0.483734131,212.2616272,405.223877,11,0,0.04397583,0.04397583,0,0.003997803,0.003997803,pen
0.606445313,103.6,0,0,0,214.1964417,406.6750183,12.89999998,0,0,0,0,0,0,pen
0.2890625,77,-0.483764648,0,0.483764648,214.6801147,418.7676697,13.29999995,-0.036373282,0,0.036373282,-0.002734833,0,0.002734833,pen
0.493164063,162.4,0,-0.483673096,0.483673096,245.1537781,386.8429871,12.19999993,0,-0.039645336,0.039645336,0,-0.003249618,0.003249618,pen
0.34375,127.1999999,0,0.483703613,0.483703613,258.2138977,374.266571,11,0,0.043973056,0.043973056,0,0.003997551,0.003997551,pen
0.193359375,268.1,-0.967407227,1.451141357,1.744043572,285.3014832,368.9458008,12.10000002,-0.07995101,0.119929038,0.144135832,-0.006607521,0.009911491,0.011912052,pen
0.309570313,101.8,0.483703613,0.483703613,0.68406021,286.752594,366.5272522,11.89999998,0.040647363,0.040647363,0.057484051,0.003415745,0.003415745,0.004830593,pen
0.3984375,112.1999999,0.483703613,0,0.483703613,273.6924744,390.2289124,11.39999998,0.042430142,0,0.042430142,0.003721942,0,0.003721942,pen
0.349609375,142.4,0,0,0,270.7902527,398.9356384,14.10000002,0,0,0,0,0,0,pen
0.240234375,101.6,0,-0.483703613,0.483703613,273.2087708,402.8053284,11.69999993,0,-0.041342189,0.041342189,0,-0.00353352,0.00353352,pen
0.4609375,111.4,0,0,0,272.2413635,415.3817444,11.20000005,0,0,0,0,0,0,pen
0.4296875,8506,0,0,0,483.13797,316.2216492,12.29999995,0,0,0,0,0,0,pen
0.375,144.4,-0.483703613,0,0.483703613,490.3935852,331.2165833,13,-0.03720797,0,0.03720797,-0.002862152,0,0.002862152,pen
0.483398438,800.3,0,0,0,197.7503967,331.2165833,13.89999998,0,0,0,0,0,0,pen
0.682617188,118.8,0,0,0,183.2391663,333.6351013,12.20000005,0,0,0,0,0,0,pen
0.436523438,209,0,0,0,182.2717285,352.0160217,11.39999998,0,0,0,0,0,0,pen
0.416992188,139.7,-0.967407227,0.483734131,1.081607808,204.5222778,371.3643494,10.79999995,-0.089574744,0.044790197,0.100148872,-0.008293958,0.004147241,0.009273044,pen
0.470703125,515,-0.967346191,-0.967407227,1.368077262,480.2358093,373.2991638,11.9000001,-0.081289595,-0.081294724,0.114964475,-0.006831058,-0.006831489,0.00966088,pen
0.333984375,1804.6,-0.483703613,0,0.483703613,475.8823547,388.2940979,11.80000007,-0.040991831,0,0.040991831,-0.003473884,0,0.003473884,pen
0.149414063,58,-0.483703613,0,0.483703613,476.3660583,393.6148682,12.19999993,-0.039647837,0,0.039647837,-0.003249823,0,0.003249823,pen
0.26953125,113.5,0,0,0,468.6267395,405.7075806,11.20000005,0,0,0,0,0,0,pen
0.1953125,128.1,0,0.483703613,0.483703613,494.2632751,382.4895935,12.5,0,0.038696289,0.038696289,0,0.003095703,0.003095703,pen
0.467773438,88.89999998,0,-0.483673096,0.483673096,484.5891418,393.1311951,12.10000002,0,-0.039972983,0.039972983,0,-0.003303552,0.003303552,pen
0.188476563,73.70000005,0,0,0,490.3935852,399.4193726,11.5,0,0,0,0,0,0,pen
0.434570313,108.3,-0.483703613,0.483734131,0.68408179,500.0677795,409.57724,12.39999998,-0.039008356,0.039010817,0.055167886,-0.003145835,0.003146034,0.004449023,pen
0.325195313,179.9,-0.483703613,0,0.483703613,531.5087585,388.7778015,11.20000005,-0.043187822,0,0.043187822,-0.003856056,0,0.003856056,pen
0.401367188,123,-0.483764648,0.967407227,1.081621457,513.6116028,400.8704834,11.20000005,-0.043193272,0.086375645,0.096573344,-0.003856542,0.007712111,0.00862262,pen
0.427734375,110.9,0,0,0,528.1228333,396.5171204,12.20000005,0,0,0,0,0,0,pen
0.240234375,61.30000007,-0.483764648,0,0.483764648,527.155365,405.223877,12.19999993,-0.03965284,0,0.03965284,-0.003250233,0,0.003250233,pen
0.37890625,682.5999999,0,0.483734131,0.483734131,563.9172058,408.1261292,11.5,0,0.042063837,0.042063837,0,0.003657725,0.003657725,pen
0.333984375,315.6999999,-0.483825684,-0.483703613,0.684146532,590.5210876,388.2940979,11.5,-0.042071799,-0.042061184,0.059491003,-0.003658417,-0.003657494,0.005173131,pen
0.3046875,117.9,-0.483581543,0,0.483581543,584.2330017,408.1261292,12.89999998,-0.037486941,0,0.037486941,-0.002905964,0,0.002905964,pen
0.524414063,101.7,0,0,0,576.9773254,423.1210632,11.19999993,0,0,0,0,0,0,pen
0.3828125,167.4,0,0,0,603.5812683,389.2615051,11.89999998,0,0,0,0,0,0,pen
0.47265625,117.1999999,0,0,0,605.0323181,390.7126465,11.5,0,0,0,0,0,0,pen
0.1484375,604.6,0,-0.483703613,0.483703613,639.8594055,384.9081421,13.29999995,0,-0.036368693,0.036368693,0,-0.002734488,0.002734488,pen
0.181640625,122.8,0,0.483703613,0.483703613,628.7339783,410.5446472,11.30000007,0,0.042805629,0.042805629,0,0.003788109,0.003788109,pen
0.182617188,98.20000005,-0.967407227,0,0.967407227,615.1902161,420.218811,11.10000002,-0.087153804,0,0.087153804,-0.007851694,0,0.007851694,pen
0.220703125,75,0,0,0,635.5059509,422.153656,11.10000002,0,0,0,0,0,0,pen
0.323242188,160.4,-0.967346191,-0.483703613,1.081539569,657.7565613,390.7126465,18,-0.053741455,-0.026872423,0.060085532,-0.002985636,-0.001492912,0.003338085,pen
0.23828125,110.1999999,-0.483703613,0,0.483703613,641.3104553,412.4794922,11.39999998,-0.042430142,0,0.042430142,-0.003721942,0,0.003721942,pen
0.42578125,133.6,0,0,0,649.0498352,396.5171204,12.10000002,0,0,0,0,0,0,pen
0.314453125,1570,0,-0.967437744,0.967437744,479.7519836,448.2738342,11.60000002,0,-0.083399805,0.083399805,0,-0.007189638,0.007189638,pen
0.280273438,114.7,0,0.967407227,0.967407227,490.3935852,444.8879089,12.10000002,0,0.07995101,0.07995101,0,0.006607521,0.006607521,pen
0.193359375,119.4,-0.967407227,0.483703613,1.08159416,483.13797,464.2362366,15.70000005,-0.061618294,0.030809147,0.068891348,-0.003924732,0.001962366,0.004387984,pen
0.309570313,223,-0.483764648,0.483703613,0.68410337,523.2857361,444.8879089,13,-0.037212665,0.03720797,0.052623336,-0.002862513,0.002862152,0.004047949,pen
0.486328125,113.6,0,-0.483734131,0.483734131,526.1880188,448.2738342,11.5,0,-0.042063837,0.042063837,0,-0.003657725,0.003657725,pen
0.174804688,81.69999993,-0.967407227,-0.483703613,1.08159416,537.3132629,436.6648865,12.30000007,-0.078650994,-0.039325497,0.087934484,-0.00639439,-0.003197195,0.007149145,pen
0.4375,134.6,-0.483642578,0,0.483642578,526.1880188,451.6598206,12.39999998,-0.039003434,0,0.039003434,-0.003145438,0,0.003145438,pen
0.189453125,130.4,0,0,0,524.7368469,456.9805603,12.20000005,0,0,0,0,0,0,pen
0.249023438,165.5999999,0,0,0,532.4761658,462.7850647,12.30000007,0,0,0,0,0,0,pen
0.34765625,87.10000002,0.483703613,-0.483734131,0.68408179,532.9598694,465.2036133,12.5,0.038696289,-0.03869873,0.054726543,0.003095703,-0.003095898,0.004378123,pen
0.30078125,100.4000001,0.483703613,-0.483673096,0.684038631,532.4761658,470.040741,11.29999995,0.04280563,-0.042802929,0.060534392,0.003788109,-0.00378787,0.005357026,pen
0.615234375,79.0999999,0,0,0,529.0902405,483.1007996,11.60000002,0,0,0,0,0,0,pen
0.318359375,58.79999995,0,0,0,543.6014709,485.5193481,12.20000005,0,0,0,0,0,0,pen
0.22265625,79.79999995,0,0,0,546.5036926,490.8401489,12.20000005,0,0,0,0,0,0,pen
0.34375,4009.4,0,0,0,106.3295898,462.7850647,11.29999995,0,0,0,0,0,0,pen
0.389648438,53,0,0,0,109.2318726,468.1058655,12,0,0,0,0,0,0,pen
0.309570313,136.5,0.483673096,-0.483703613,0.684038631,100.5250854,481.1660156,11.20000005,0.043185098,-0.043187822,0.061074878,0.003855812,-0.003856056,0.005453114,pen
0.36328125,273.9000001,-0.483703613,0,0.483703613,136.8032227,463.752533,11.69999993,-0.041342189,0,0.041342189,-0.00353352,0,0.00353352,pen
0.063476563,60.39999998,0,-0.483673096,0.483673096,134.8683472,473.9103699,11.60000002,0,-0.041695956,0.041695956,0,-0.003594479,0.003594479,pen
0.403320313,132.5,0,0.483703613,0.483703613,145.9936523,459.3991394,12,0,0.040308634,0.040308634,0,0.003359053,0.003359053,pen
0.19140625,70.80000007,-0.483703613,0,0.483703613,148.4122009,454.0783386,12.19999993,-0.039647837,0,0.039647837,-0.003249823,0,0.003249823,pen
0.129882813,33.29999995,-0.483703613,0,0.483703613,154.7003784,455.0457458,13.29999995,-0.036368693,0,0.036368693,-0.002734488,0,0.002734488,pen
0.15234375,45.29999995,-0.483673096,0,0.483673096,137.2869263,471.9755554,12.80000007,-0.03778696,0,0.03778696,-0.002952106,0,0.002952106,pen
0.147460938,122.2,-0.967376709,0.483734131,1.081580513,147.9285278,469.0733032,13.0999999,-0.073845551,0.03692627,0.082563399,-0.005637065,0.002818799,0.00630255,pen
0.2578125,89.70000005,0,0,0,146.477356,477.7800903,11.79999995,0,0,0,0,0,0,pen
0.452148438,82.19999993,0,0,0,146.477356,476.8125916,15.70000005,0,0,0,0,0,0,pen
0.368164063,93.10000002,0,0,0,152.765564,475.8452148,11.60000002,0,0,0,0,0,0,pen
0.37890625,85.39999998,0,0,0,149.8632813,481.6497192,11.10000002,0,0,0,0,0,0,pen
0.34765625,69.20000005,-0.483642578,0,0.483642578,150.3470764,487.9378967,12.10000002,-0.039970461,0,0.039970461,-0.003303344,0,0.003303344,pen
0.1953125,777.6,-0.483703613,0,0.483703613,178.4020386,457.464325,12.39999998,-0.039008356,0,0.039008356,-0.003145835,0,0.003145835,pen
0.548828125,114.4,-0.483703613,0,0.483703613,177.4346619,463.752533,10.89999998,-0.044376478,0,0.044376478,-0.004071237,0,0.004071237,pen
0.217773438,82.89999998,-0.483734131,-0.483734131,0.684103368,175.98349,465.2036133,10.69999993,-0.045208798,-0.045208798,0.063934895,-0.004225121,-0.004225121,0.005975224,pen
0.39453125,94.19999993,0,0,0,182.2717285,450.2087097,12.10000002,0,0,0,0,0,0,pen
0.622070313,110.4000001,-0.483673096,0.483734131,0.684060211,191.4622192,448.7575684,11.5,-0.04205853,0.042063837,0.059483497,-0.003657263,0.003657725,0.005172478,pen
0.47265625,90.89999998,0,-0.483703613,0.483703613,178.4020386,478.2637634,11.89999998,0,-0.040647363,0.040647363,0,-0.003415745,0.003415745,pen
0.1171875,40.79999995,-0.483734131,-0.483673096,0.684060211,179.8531799,479.2311707,12.39999998,-0.039010817,-0.039005895,0.055166146,-0.003146034,-0.003145637,0.004448883,pen
0.387695313,118.6,0.483734131,0,0.483734131,180.3369141,482.1333923,12.19999993,0.039650339,0,0.039650339,0.003250028,0,0.003250028,pen
0.33203125,88.5,0,0,0,180.8206177,487.4541931,11.29999995,0,0,0,0,0,0,pen
0.5078125,79.20000005,-0.483673096,0,0.483673096,180.8206177,493.7424011,11.10000002,-0.043574153,0,0.043574153,-0.003925599,0,0.003925599,pen
0.267578125,82.70000005,-0.483734131,0,0.483734131,179.8531799,497.1283264,11.29999995,-0.04280833,0,0.04280833,-0.003788348,0,0.003788348,pen
0.2421875,312.9000001,-0.483673096,0,0.483673096,185.1739807,494.2260742,16.69999993,-0.028962461,0,0.028962461,-0.001734279,0,0.001734279,pen
0.465820313,109.4,0,0,0,194.3644104,496.1609497,11.60000002,0,0,0,0,0,0,pen
0.720703125,7742.6,-76.79998779,10.3999939,77.50095482,487.2875061,326,12.5,-6.143999023,0.831999512,6.200076386,-0.491519922,0.066559961,0.496006111,page
0.231445313,13300.6,0,0,0,72.0874939,236.4000092,12.0999999,0,0,0,0,0,0,pen
0.33203125,137.2,0,0,0,71.2875061,238,10.70000005,0,0,0,0,0,0,pen
0.200195313,136.6,-0.800018311,0,0.800018311,78.48748779,250.8000183,12.89999998,-0.062016923,0,0.062016923,-0.004807513,0,0.004807513,pen
0.176757813,50.30000007,-0.799987793,-0.800018311,1.131375166,71.2875061,262,11.19999993,-0.071427482,-0.071430207,0.10101564,-0.006377454,-0.006377697,0.009019254,pen
0.189453125,242.2,0,0,0,63.2875061,273.2000122,12.29999995,0,0,0,0,0,0,pen
0.182617188,158.7,-0.800018311,0.800018311,1.131396745,68.0874939,274.8000183,12.89999998,-0.062016923,0.062016923,0.087705174,-0.004807513,0.004807513,0.006798851,pen
0.162109375,100.1999999,0,-0.799987793,0.799987793,71.2875061,285.2000122,11.5,0,-0.069564156,0.069564156,0,-0.006049057,0.006049057,pen
0.278320313,79.70000005,0,0,0,68.0874939,292.3999939,11.5999999,0,0,0,0,0,0,pen
0.158203125,87.70000005,-1.600006104,0,1.600006104,64.0874939,312.3999939,11.10000002,-0.144144694,0,0.144144694,-0.012986008,0,0.012986008,pen
0.30078125,113.8,0,0,0,76.0874939,282,11,0,0,0,0,0,0,pen
0.09765625,64.4000001,-0.800018311,-0.799987793,1.131375166,92.0874939,286.8000183,11.0999999,-0.072073722,-0.072070973,0.101925692,-0.006493128,-0.006492881,0.009182495,pen
0.28515625,73.60000002,0,0,0,91.2875061,289.2000122,10.80000007,0,0,0,0,0,0,pen
0.5,136.5,0,0,0,120.0874939,264.3999939,12.60000002,0,0,0,0,0,0,pen
0.203125,106.4,0,-0.799987793,0.799987793,135.2875061,251.6000061,13.70000005,0,-0.058393269,0.058393269,0,-0.004262282,0.004262282,pen
0.189453125,76.39999998,0,0,0,132.8875122,272.3999939,12,0,0,0,0,0,0,pen
0.684570313,207.8,0,0,0,164.8875122,259.6000061,12.10000002,0,0,0,0,0,0,pen
0.234375,71.39999998,0.800018311,0,0.800018311,164.8875122,274,11.39999998,0.070177045,0,0.070177045,0.006155881,0,0.006155881,pen
0.26953125,114.9,0,0,0,171.2875061,255.6000061,11.5,0,0,0,0,0,0,pen
0.172851563,26.39999998,0,0,0,171.2875061,275.6000061,11.79999995,0,0,0,0,0,0,pen
0.4765625,143.8,-0.799987793,0.800003052,1.131364376,185.6875,238,11.70000005,-0.068375025,0.068376329,0.09669781,-0.005844019,0.005844131,0.00826477,pen
0.147460938,79.4000001,0,-0.800033569,0.800033569,190.4874878,246,12.29999995,0,-0.06504338,0.06504338,0,-0.00528808,0.00528808,pen
0.545898438,119.7,0,0,0,190.4874878,258.8000183,11.10000002,0,0,0,0,0,0,pen
0.177734375,51.5,0,0,0,188.0874939,266.8000183,11.70000005,0,0,0,0,0,0,pen
0.213867188,76.20000005,-0.799987793,0,0.799987793,184.8875122,281.2000122,11.89999998,-0.067225865,0,0.067225865,-0.005649232,0,0.005649232,pen
0.180664063,63.30000007,-1.599975586,0.799987793,1.788827086,192.8875122,278,12.39999998,-0.129030289,0.064515145,0.144260249,-0.010405669,0.005202834,0.011633891,pen
0.185546875,80.89999998,0,0,0,196.8875122,280.3999939,11.89999998,0,0,0,0,0,0,pen
0.276367188,920.5,0,-0.800018311,0.800018311,232.0874939,258,12.29999995,0,-0.065042139,0.065042139,0,-0.005287979,0.005287979,pen
0.251953125,115.9,0,0.799972534,0.799972534,243.2875061,243.6000061,11.70000005,0,0.068373721,0.068373721,0,0.005843908,0.005843908,pen
0.135742188,76.89999998,0,-0.799987793,0.799987793,242.4875183,261.2000122,12.80000007,0,-0.062499046,0.062499046,0,-0.004882738,0.004882738,pen
0.147460938,51.39999998,0.799987793,0,0.799987793,246.4875183,258,11.60000002,0.068964465,0,0.068964465,0.005945212,0,0.005945212,pen
0.260742188,117.9,0.800048828,0,0.800048828,257.6875305,242.8000336,12.20000005,0.065577773,0,0.065577773,0.005375227,0,0.005375227,pen
0.188476563,100.5999999,-0.800048828,0,0.800048828,264.8874817,238.8000336,11.70000005,-0.068380241,0,0.068380241,-0.005844465,0,0.005844465,pen
0.155273438,56.10000002,0,-0.800003052,0.800003052,273.6875305,237.1999969,12,0,-0.066666921,0.066666921,0,-0.005555577,0.005555577,pen
0.178710938,63.20000005,0,0.799987793,0.799987793,252.8874817,254,11.79999995,0,0.067795576,0.067795576,0,0.005745388,0.005745388,pen
0.122070313,31.5,-0.799987793,0,0.799987793,265.6875305,258.8000183,12.70000005,-0.062991165,0,0.062991165,-0.004959934,0,0.004959934,pen
0.295898438,86.69999993,-0.800048828,0,0.800048828,264.8874817,261.2000122,12.10000002,-0.066119738,0,0.066119738,-0.005464441,0,0.005464441,pen
0.251953125,90.60000002,0,0,0,254.4875183,278.8000183,11.39999998,0,0,0,0,0,0,pen
0.323242188,134,0,0,0,269.6875305,266,12.70000005,0,0,0,0,0,0,pen
0.2734375,77.0999999,-0.799987793,0,0.799987793,269.6875305,277.2000122,11.70000005,-0.068375025,0,0.068375025,-0.005844019,0,0.005844019,pen
0.180664063,5152.2,-0.799987793,0,0.799987793,60.88751221,417.2000122,11.4000001,-0.070174367,0,0.070174367,-0.006155646,0,0.006155646,pen
0.479492188,104.4000001,-0.800018311,0,0.800018311,62.48748779,430.8000183,11.5999999,-0.068967096,0,0.068967096,-0.005945439,0,0.005945439,pen
0.354492188,70.89999998,0,-0.799926758,0.799926758,72.88751221,439.6000671,11.20000005,0,-0.071422032,0.071422032,0,-0.006376967,0.006376967,pen
0.434570313,93.79999995,0,0,0,82.48748779,442.8000183,12.20000005,0,0,0,0,0,0,pen
0.34765625,88.60000002,-0.799987793,0,0.799987793,91.2875061,438,12.89999998,-0.062014558,0,0.062014558,-0.00480733,0,0.00480733,pen
0.2109375,64.60000002,0,0.799926758,0.799926758,106.4874878,428.3999939,12.19999993,0,0.065567767,0.065567767,0,0.005374407,0.005374407,pen
0.3671875,74.60000002,0.800018311,0,0.800018311,95.2875061,453.2000122,12.10000002,0.066117216,0,0.066117216,0.005464233,0,0.005464233,pen
0.515625,156.7,0,0.799926758,0.799926758,142.4874878,412.3999939,11.5,0,0.069558849,0.069558849,0,0.006048596,0.006048596,pen
0.3203125,91.10000002,0,0.799987793,0.799987793,144.0874939,422,11.60000002,0,0.068964465,0.068964465,0,0.005945212,0.005945212,pen
0.415039063,94.79999995,0.799987793,0,0.799987793,128.0874939,440.3999939,11,0.072726163,0,0.072726163,0.006611469,0,0.006611469,pen
0.119140625,58.10000002,-1.600006104,0.799987793,1.788854382,141.6875,446,13.79999995,-0.115942472,0.05797013,0.12962713,-0.008401628,0.004200734,0.00939327,pen
0.321289063,278.5,0,0,0,188.0874939,416.3999939,11.29999995,0,0,0,0,0,0,pen
0.376953125,131.1999999,0.799987793,0,0.799987793,201.6875,410.8000183,11.10000002,0.072070972,0,0.072070972,0.00649288,0,0.00649288,pen
0.401367188,74,0,0,0,200.0874939,413.2000122,11.80000007,0,0,0,0,0,0,pen
0.352539063,54.5999999,0,0,0,196.0874939,428.3999939,11.60000002,0,0,0,0,0,0,pen
0.274414063,86.70000005,0,0,0,191.2875061,442,10.79999995,0,0,0,0,0,0,pen
0.145507813,51.19999993,-1.599975586,0,1.599975586,196.8875122,441.2000122,12.9000001,-0.124029114,0,0.124029114,-0.00961466,0,0.00961466,pen
0.264648438,61,0.799987793,0,0.799987793,212.0874939,439.6000671,11.20000005,0.071427481,0,0.071427481,0.006377454,0,0.006377454,pen
0.703125,191.6999999,0,0,0,237.6875305,410,12.5,0,0,0,0,0,0,pen
0.51953125,94,0,0.800048828,0.800048828,236.8874817,411.6000671,12.29999995,0,0.06504462,0.06504462,0,0.005288181,0.005288181,pen
0.39453125,135,0,0.799957275,0.799957275,267.2875061,396.4000244,11.10000002,0,0.072068223,0.072068223,0,0.006492633,0.006492633,pen
0.399414063,85.79999995,0,0.800018311,0.800018311,252.8874817,410.8000183,12.20000005,0,0.065575271,0.065575271,0,0.005375022,0.005375022,pen
0.484375,79,0,0.800048828,0.800048828,260.0874939,411.6000671,11.19999993,0,0.071432932,0.071432932,0,0.00637794,0.00637794,pen
0.372070313,67.29999995,0,0,0,273.6875305,412.3999939,12.80000007,0,0,0,0,0,0,pen
0.374023438,95.5,0,0.800048828,0.800048828,250.4875183,427.6000671,12,0,0.066670736,0.066670736,0,0.005555895,0.005555895,pen
0.280273438,110.7,0,-0.800018311,0.800018311,260.8874817,434,11.39999998,0,-0.070177045,0.070177045,0,-0.006155881,0.006155881,pen
0.548828125,90.89999998,0,0,0,264.0874939,432.3999939,11.5,0,0,0,0,0,0,pen
0.189453125,65.5,-0.799987793,0,0.799987793,264.0874939,437.2000122,11.69999993,-0.068375025,0,0.068375025,-0.005844019,0,0.005844019,pen
0.338867188,58.69999993,0,0,0,266.4875183,442.8000183,12.4000001,0,0,0,0,0,0,pen
0.5703125,124.4000001,0,0,0,248.8874817,456.3999939,13.0999999,0,0,0,0,0,0,pen
0.3359375,103.5,0,0,0,267.2875061,441.2000122,12,0,0,0,0,0,0,pen
0.4296875,482.8000001,0,0,0,300.0874939,410.8000183,12,0,0,0,0,0,0,pen
0.624023438,106.2,0.800048828,0,0.800048828,297.6875305,417.2000122,11.0999999,0.072076472,0,0.072076472,0.006493376,0,0.006493376,pen
0.314453125,75.39999998,-0.799987793,0,0.799987793,298.4875183,424.3999939,11.69999993,-0.068375025,0,0.068375025,-0.005844019,0,0.005844019,pen
0.405273438,115.3,0.799987793,0.800018311,1.131375166,308.0874939,402.8000183,13,0.061537523,0.06153987,0.087028859,0.004733656,0.004733836,0.006694528,pen
0.486328125,79.9000001,0,1.599945068,1.599945068,321.6875305,405.2000122,11.89999998,0,0.134449166,0.134449166,0,0.011298249,0.011298249,pen
0.1875,75.39999998,0,0,0,302.4875183,436.3999939,11.60000002,0,0,0,0,0,0,pen
0.44140625,61.39999998,0.799987793,-0.800018311,1.131375166,308.8874817,436.3999939,12.39999998,0.064515145,-0.064517606,0.091239933,0.005202834,-0.005203033,0.007358059,pen
0.20703125,78.0999999,0,0,0,309.6875305,440.3999939,11.4000001,0,0,0,0,0,0,pen
0.724609375,195.7,0,0.800048828,0.800048828,366.4875183,463.6000671,10.79999995,0,0.074078596,0.074078596,0,0.006859129,0.006859129,pen
0.430664063,276.6,0,0,0,400.0874939,410,11.10000002,0,0,0,0,0,0,pen
0.47265625,97.60000002,0,0,0,404.8874817,411.6000671,12.19999993,0,0,0,0,0,0,pen
0.552734375,153,0,0.800018311,0.800018311,419.2875061,422.8000183,13.19999993,0,0.060607448,0.060607448,0,0.004591473,0.004591473,pen
0.493164063,71.89999998,0,0,0,416.0874939,437.2000122,11.20000005,0,0,0,0,0,0,pen
0.541992188,74.30000007,-0.799987793,0,0.799987793,412.0874939,454,10.89999998,-0.073393376,0,0.073393376,-0.006733337,0,0.006733337,pen
0.392578125,85.19999993,0,0,0,428.8874817,440.3999939,11.60000002,0,0,0,0,0,0,pen
0.4921875,111.5,0,0,0,402.4875183,464.3999939,12.10000002,0,0,0,0,0,0,pen
0.4296875,199.1999999,0,-0.800018311,0.800018311,467.2875061,414,11.70000005,0,-0.068377633,0.068377633,0,-0.005844242,0.005844242,pen
0.104492188,84.30000007,0,0,0,468.0874939,434,11.19999993,0,0,0,0,0,0,pen
0.671875,149.8000001,0,0,0,480.0874939,410,12.19999993,0,0,0,0,0,0,pen
0.434570313,53.39999998,0,0,0,490.4875183,405.2000122,12,0,0,0,0,0,0,pen
0.42578125,107.5,0.799987793,0,0.799987793,479.2875061,421.2000122,11.70000005,0.068375025,0,0.068375025,0.005844019,0,0.005844019,pen
0.392578125,90.70000005,-0.799987793,0,0.799987793,476.0874939,432.3999939,11.39999998,-0.070174368,0,0.070174368,-0.006155646,0,0.006155646,pen
0.163085938,72.70000005,-0.800048828,-0.799926758,1.13135359,484.8874817,435.6000671,12.10000002,-0.066119738,-0.066109649,0.093500296,-0.005464441,-0.005463607,0.007727297,pen
0.159179688,29.79999995,0,-1.600067139,1.600067139,488.0874939,438,12.30000007,0,-0.130086758,0.130086758,0,-0.010576159,0.010576159,pen
0.372070313,96.10000002,0,0,0,484.8874817,442.8000183,12.5,0,0,0,0,0,0,pen
0.26953125,69.29999995,0.799987793,0,0.799987793,496.8874817,458,11.39999998,0.070174368,0,0.070174368,0.006155646,0,0.006155646,pen
0.599609375,227,0.800048828,0,0.800048828,517.6875305,413.2000122,12.19999993,0.065577773,0,0.065577773,0.005375227,0,0.005375227,pen
0.37890625,74.60000002,0,0,0,516.0874939,423.6000671,11.0999999,0,0,0,0,0,0,pen
0.26953125,67.20000005,0,0,0,517.6875305,425.2000122,12.5,0,0,0,0,0,0,pen
0.505859375,101.5,0,0.799987793,0.799987793,529.6875305,406,14.5,0,0.055171572,0.055171572,0,0.003804936,0.003804936,pen
0.66015625,91.19999993,0,0.800018311,0.800018311,538.4875183,409.2000122,12,0,0.066668193,0.066668193,0,0.005555683,0.005555683,pen
0.421875,105.4000001,0.799987793,0,0.799987793,518.4875183,441.2000122,11.89999998,0.067225865,0,0.067225865,0.005649232,0,0.005649232,pen
0.311523438,38.79999995,0,0,0,520.0874939,444.3999939,11.10000002,0,0,0,0,0,0,pen
0.4765625,98.5,0.799987793,0,0.799987793,522.4875183,450,10.79999995,0.074072944,0,0.074072944,0.006858606,0,0.006858606,pen
0.267578125,50.69999993,0.799987793,0.799987793,1.131353587,536.0874939,466,12.39999998,0.064515145,0.064515145,0.091238193,0.005202834,0.005202834,0.007357919,pen
0.50390625,4640.9,0,0,0,563.0594788,461.6070862,12.10000002,0,0,0,0,0,0,pen
0.6875,296,-0.539672852,-0.539642334,0.763191087,593.8199158,423.2914124,12.20000005,-0.044235479,-0.044232978,0.062556646,-0.003625859,-0.003625654,0.005127594,pen
0.649414063,118.5,0,0,0,592.7406311,423.8310547,11.19999993,0,0,0,0,0,0,pen
0.783203125,126.8,0,0,0,622.4216614,409.2603455,11.10000002,0,0,0,0,0,0,pen
0.5546875,83.39999998,0,0,0,612.1681824,423.2914124,11.5,0,0,0,0,0,0,pen
0.1875,61.39999998,0,-1.079315186,1.079315186,614.8664856,441.1000977,11.9000001,0,-0.090698754,0.090698754,0,-0.007621744,0.007621744,pen
0.630859375,316.9,0,0,0,648.8649597,410.879303,12.70000005,0,0,0,0,0,0,pen
0.20703125,91.5,0,0,0,652.6426086,422.7518005,11.70000005,0,0,0,0,0,0,pen
0.314453125,87.20000005,0,0.539642334,0.539642334,646.7062683,435.1638794,11.39999998,0,0.047337047,0.047337047,0,0.004152373,0.004152373,pen
0.546875,267.8000001,0,0,0,659.6579895,409.2603455,12.29999995,0,0,0,0,0,0,pen
0.342773438,123.8,0,0,0,653.7218933,415.1965942,12,0,0,0,0,0,0,pen
0.276367188,128.5,0,-0.539642334,0.539642334,651.5632629,428.6879883,12.4000001,0,-0.043519543,0.043519543,0,-0.003509641,0.003509641,pen
0.262695313,148.3,0,0,0,662.8960266,432.4656372,11,0,0,0,0,0,0,pen
0.356445313,97.4000001,0,0,0,663.4356384,434.0845642,12.89999998,0,0,0,0,0,0,pen
0.483398438,74.69999993,0,-0.539703369,0.539703369,662.3563538,441.1000977,12.60000002,0,-0.042833601,0.042833601,0,-0.003399492,0.003399492,pen
0.368164063,119.6,0,0,0,660.1976624,443.7984009,11.29999995,0,0,0,0,0,0,pen
0.3984375,90.70000005,0.539672852,0,0.539672852,662.8960266,444.8777466,12.69999993,0.042493926,0,0.042493926,0.003345978,0,0.003345978,pen
0.48828125,98.39999998,-0.539672852,0,0.539672852,657.4994202,456.7502136,11.10000002,-0.048619176,0,0.048619176,-0.004380106,0,0.004380106,pen
0.34765625,100.6,0,0,0,667.7529602,443.7984009,12,0,0,0,0,0,0,pen
0.59765625,214.9,0,0,0,683.9425964,416.2758789,10.89999998,0,0,0,0,0,0,pen
0.693359375,105.3,0.539611816,0,0.539611816,681.7839661,430.8466797,12.10000002,0.044596018,0,0.044596018,0.003685621,0,0.003685621,pen
0.203125,886.6,0,0,0,710.9255066,411.9587097,11.10000002,0,0,0,0,0,0,pen
0.399414063,133.5,-0.539672852,-0.539672852,0.763212666,709.8460999,422.2121277,13,-0.041513296,-0.041513296,0.058708667,-0.00319333,-0.00319333,0.004516051,pen
0.190429688,137.7,0,-0.539611816,0.539611816,709.306427,422.7518005,12.20000005,0,-0.044230477,0.044230477,0,-0.003625449,0.003625449,pen
0.280273438,122.2,0,0,0,714.7031555,405.4827271,11.5,0,0,0,0,0,0,pen
0.530273438,171.6999999,0.539672852,0.539642334,0.763191087,724.9565735,405.4827271,11.30000007,0.047758659,0.047755958,0.067539034,0.00422643,0.004226191,0.005976906,pen
0.342773438,215.8,0,0,0,712.5444641,435.1638794,11.20000005,0,0,0,0,0,0,pen
0.274414063,76.70000005,0,-0.539611816,0.539611816,714.1633606,441.639801,12,0,-0.044967651,0.044967651,0,-0.003747304,0.003747304,pen
0.465820313,122.8000001,0.539550781,0,0.539550781,714.1633606,443.7984009,12.10000002,0.044590974,0,0.044590974,0.003685204,0,0.003685204,pen
0.4375,75.69999993,0.539672852,0,0.539672852,716.8617249,447.5759888,12.60000002,0.042831179,0,0.042831179,0.0033993,0,0.0033993,pen
0.34375,65.5,0,0,0,716.8617249,452.4329224,11.30000007,0,0,0,0,0,0,pen
0.189453125,79.39999998,0,0,0,723.3374939,454.0518494,11.10000002,0,0,0,0,0,0,pen
0.255859375,77.70000005,0.539672852,-0.539611816,0.763169509,722.2582092,455.1312561,10.89999998,0.049511271,-0.049505671,0.070015551,0.004542318,-0.004541805,0.006423445,pen
0.194335938,5552.1,0,0,0,803.2068787,410.879303,13.29999995,0,0,0,0,0,0,pen
0.267578125,149.2,0,-0.539642334,0.539642334,804.2861023,411.9587097,11.60000002,0,-0.046520891,0.046520891,0,-0.004010422,0.004010422,pen
0.486328125,141.5,0,-0.539703369,0.539703369,807.5240173,423.8310547,11.39999998,0,-0.047342401,0.047342401,0,-0.004152842,0.004152842,pen
0.227539063,76.69999993,0.539672852,0,0.539672852,808.603363,428.1483459,13.20000005,0.040884307,0,0.040884307,0.003097296,0,0.003097296,pen
0.47265625,138.4,0.539672852,0,0.539672852,792.9533386,442.7190552,11.39999998,0.047339724,0,0.047339724,0.004152607,0,0.004152607,pen
0.36328125,68.60000002,-0.539672852,0,0.539672852,807.5240173,440.5604553,11.19999993,-0.048185076,0,0.048185076,-0.004302239,0,0.004302239,pen
0.390625,96.29999995,0,-0.539642334,0.539642334,803.7465515,444.8777466,12.29999995,0,-0.043873361,0.043873361,0,-0.00356694,0.00356694,pen
0.165039063,54.10000002,0,0,0,806.4447937,447.5759888,11.89999998,0,0,0,0,0,0,pen
0.194335938,120.8,0,-0.539642334,0.539642334,800.5085144,461.6070862,11.89999998,0,-0.045348095,0.045348095,0,-0.003810764,0.003810764,pen
0.390625,120.8,0,0,0,814.5396423,442.1794128,12.80000007,0,0,0,0,0,0,pen
0.39453125,113.1,0,0,0,824.2533875,445.9570313,11.70000005,0,0,0,0,0,0,pen
0.450195313,113.5,-0.539672852,0.539642334,0.763191087,826.9517517,453.512207,13.10000002,-0.041196401,0.041194071,0.058258862,-0.003144763,0.003144586,0.004447241,pen
0.251953125,220.1999999,0,0,0,805.365448,451.89328,12.80000007,0,0,0,0,0,0,pen
0.163085938,230.8,0,0,0,804.8257751,457.289856,11.5,0,0,0,0,0,0,pen
0.798828125,771.9,0,0,0,842.0621033,440.5604553,15.29999995,0,0,0,0,0,0,pen
0.374023438,134.8,-0.539550781,0.539703369,0.763147936,865.8070984,424.3707581,13.60000002,-0.039672851,0.039684071,0.056113819,-0.002917121,0.002917946,0.004126016,pen
0.307617188,82.29999995,0.539672852,0,0.539672852,857.7121277,444.8777466,11.5,0.046928074,0,0.046928074,0.004080702,0,0.004080702,pen
0.352539063,674.1,0,0.539642334,0.539642334,905.7416687,403.3241272,11.19999993,0,0.048182352,0.048182352,0,0.004301996,0.004301996,pen
0.430664063,121.6,0,-0.539703369,0.539703369,895.4882507,461.0673828,12.10000002,0,-0.044603584,0.044603584,0,-0.003686247,0.003686247,pen
0.625,235.5,-0.539794922,0,0.539794922,924.6296082,392.5310059,12.5,-0.043183594,0,0.043183594,-0.003454688,0,0.003454688,pen
0.421875,136.5,0,0,0,918.1537781,471.8605652,11.39999998,0,0,0,0,0,0,pen
0.946289063,6941,-15.54138184,-6.21661377,16.73860317,604.7440491,318.5327759,11.70000005,-1.328323228,-0.531334508,1.430649838,-0.113531899,-0.045413206,0.122277763,page
0.3125,3968.5,-0.777099609,0,0.777099609,80.21905518,107.1686401,11,-0.070645419,0,0.070645419,-0.006422311,0,0.006422311,pen
0.328125,102.3,0.777038574,0,0.777038574,63.9005127,132.812088,12.5,0.062163086,0,0.062163086,0.004973047,0,0.004973047,pen
0.325195313,98.70000005,0,0,0,77.11077881,122.7101288,11.69999993,0,0,0,0,0,0,pen
0.249023438,111.4,-1.554168701,0,1.554168701,71.67123413,137.4745331,12.89999998,-0.120478194,0,0.120478194,-0.009339395,0,0.009339395,pen
0.336914063,92.10000002,0,0,0,77.8878479,132.0350189,11.29999995,0,0,0,0,0,0,pen
0.453125,139.9,0,0.777076721,0.777076721,96.53762817,104.0603561,12.19999993,0,0.063694814,0.063694814,0,0.005220886,0.005220886,pen
0.182617188,66.5,0,-0.777069092,0.777069092,80.99615479,125.8184204,11.70000005,0,-0.066416161,0.066416161,0,-0.005676595,0.005676595,pen
0.30078125,57.4000001,0,0,0,86.43566895,128.926712,11.5999999,0,0,0,0,0,0,pen
0.176757813,78.60000002,0,0,0,89.54394531,137.4745331,11.69999993,0,0,0,0,0,0,pen
0.161132813,106.2,0,0,0,100.4230042,139.0286713,12,0,0,0,0,0,0,pen
0.194335938,117.9,-0.777069092,2.331207275,2.457308229,108.1937256,139.0286713,13.89999998,-0.055904251,0.167712754,0.176784765,-0.004021889,0.012065666,0.012718328,pen
0.19140625,645.5999999,0,0,0,150.1557007,109.499855,12.20000005,0,0,0,0,0,0,pen
0.213867188,232.1,0,0.777069092,0.777069092,128.397644,121.1559753,14.20000005,0,0.054723175,0.054723175,0,0.003853745,0.003853745,pen
0.578125,171.5,0,0.777069092,0.777069092,150.9328003,127.3725586,12.10000002,0,0.064220586,0.064220586,0,0.005307486,0.005307486,pen
0.340820313,145.4000001,0.777038574,0,0.777038574,153.2640076,142.1369934,12.29999995,0.063173868,0,0.063173868,0.005136087,0,0.005136087,pen
0.18359375,727.7,-0.777099609,0,0.777099609,197.5572205,114.9393845,11.19999993,-0.069383894,0,0.069383894,-0.006194991,0,0.006194991,pen
0.192382813,108,0,0,0,192.1177368,120.3789063,11.79999995,0,0,0,0,0,0,pen
0.321289063,130.3000001,0,0,0,191.3406372,129.7037811,11.89999998,0,0,0,0,0,0,pen
0.169921875,63.79999995,-0.777099609,-0.777053833,1.098952439,194.4489136,142.1369934,13.4000001,-0.057992508,-0.057989092,0.082011375,-0.004327799,-0.004327544,0.006120252,pen
0.42578125,69.19999993,-0.777038574,0,0.777038574,189.0094299,154.5701599,11,-0.07063987,0,0.07063987,-0.006421806,0,0.006421806,pen
0.524414063,99.80000007,0,0,0,198.3343201,153.7931061,11.79999995,0,0,0,0,0,0,pen
0.37890625,300.6,-0.777099609,0,0.777099609,244.9587708,110.2769318,11.29999995,-0.068769877,0,0.068769877,-0.00608583,0,0.00608583,pen
0.102539063,21.29999995,0,0,0,224.7548218,132.0350189,12,0,0,0,0,0,0,pen
0.4140625,105.1,0,0,0,240.2962952,122.7101288,14.80000007,0,0,0,0,0,0,pen
0.452148438,106.9,-0.777099609,0.777069092,1.098963228,225.5318909,145.2452698,11.5,-0.067573879,0.067571225,0.09556202,-0.005875989,0.005875759,0.008309741,pen
0.163085938,80.89999998,0.777099609,0.777084351,1.098974017,239.5192566,140.58284,15.39999998,0.050461014,0.050460023,0.071361949,0.003276689,0.003276625,0.004633893,pen
0.33203125,150.3,2.331237793,0.777076721,2.457339594,261.2773132,114.1623077,28,0.083258493,0.02775274,0.087762128,0.002973518,0.000991169,0.003134362,pen
0.358398438,94.60000002,0,0.777069092,0.777069092,269.0480652,108.7228012,10.79999995,0,0.071950842,0.071950842,0,0.006662115,0.006662115,pen
0.33203125,98.80000007,0.777038574,0,0.777038574,255.0606995,129.7037811,11.5,0.067568572,0,0.067568572,0.005875528,0,0.005875528,pen
0.59375,88.30000007,0,0,0,250.3982849,136.697464,12.89999998,0,0,0,0,0,0,pen
0.25,140,0,0,0,257.3919373,149.1306458,11.89999998,0,0,0,0,0,0,pen
0.540039063,97.80000007,0,0,0,263.608551,152.2389374,13,0,0,0,0,0,0,pen
0.356445313,101,0,0,0,253.5065613,161.5638428,11.70000005,0,0,0,0,0,0,pen
0.14453125,59.20000005,-0.777099609,0.777069092,1.098963228,262.8314514,167.0033417,13.10000002,-0.059320581,0.059318251,0.083890323,-0.004528289,0.004528111,0.006403841,pen
0.176757813,60.29999995,0,0,0,257.3919373,177.1053314,11.70000005,0,0,0,0,0,0,pen
0.243164063,66.60000002,-1.554138184,0,1.554138184,265.9397888,177.1053314,12.20000005,-0.127388375,0,0.127388375,-0.01044167,0,0.01044167,pen
0.376953125,97.20000005,0,0,0,269.0480652,181.767746,12.29999995,0,0,0,0,0,0,pen
0.17578125,1338.2,-0.777038574,0,0.777038574,368.5135193,114.9393845,11.80000007,-0.065850726,0,0.065850726,-0.00558057,0,0.00558057,pen
0.439453125,240.9,0,0,0,373.1759949,130.4808655,11.4000001,0,0,0,0,0,0,pen
0.412109375,116.4,0,0,0,371.6218567,131.2579346,11.60000002,0,0,0,0,0,0,pen
0.365234375,152.9,0,0.777099609,0.777099609,393.3799133,161.5638428,11.5,0,0.067573879,0.067573879,0,0.005875989,0.005875989,pen
0.455078125,172.3,0,0,0,418.2462463,132.812088,12.5,0,0,0,0,0,0,pen
0.418945313,326.9000001,0,0,0,469.5331726,137.4745331,12.29999995,0,0,0,0,0,0,pen
0.418945313,99,0,0,0,465.6477356,156.9013824,11.39999998,0,0,0,0,0,0,pen
0.309570313,103.1999999,-0.777038574,-0.777069092,1.09892007,483.5205383,126.5954895,12.9000001,-0.060235548,-0.060237914,0.085187602,-0.004669422,-0.004669606,0.00660369,pen
0.541992188,129.1,-0.777038574,0,0.777038574,509.1639099,126.5954895,13.0999999,-0.059315922,0,0.059315922,-0.004527933,0,0.004527933,pen
0.375,79.10000002,0,0,0,488.9599915,149.9077454,11.79999995,0,0,0,0,0,0,pen
0.3671875,144.4,0,0,0,492.8453674,125.8184204,12.30000007,0,0,0,0,0,0,pen
0.470703125,348,0,0,0,530.144989,125.0413513,10.89999998,0,0,0,0,0,0,pen
0.233398438,98.39999998,-0.777099609,0,0.777099609,524.7053528,132.812088,12.20000005,-0.063696689,0,0.063696689,-0.00522104,0,0.00522104,pen
0.455078125,139.9,0,0.777084351,0.777084351,540.2468567,132.0350189,12.29999995,0,0.06317759,0.06317759,0,0.005136389,0.005136389,pen
0.446289063,100.1,0.777038574,-0.777069092,1.09892007,524.7053528,152.2389374,12.5,0.062163086,-0.062165527,0.087913606,0.004973047,-0.004973242,0.007033088,pen
0.370117188,476.5,0,-0.777069092,0.777069092,621.8396301,107.9457321,12,0,-0.064755758,0.064755758,0,-0.005396313,0.005396313,pen
0.2421875,118.5999999,-0.777099609,0,0.777099609,607.0752258,145.2452698,11.80000007,-0.065855899,0,0.065855899,-0.005581008,0,0.005581008,pen
0.368164063,1060.3,0,0,0,756.273407,83.85642242,11.69999993,0,0,0,0,0,0,pen
0.510742188,102.5999999,0,0,0,758.6047058,84.63350677,13.4000001,0,0,0,0,0,0,pen
0.321289063,102.6999999,0,-0.777076721,0.777076721,756.273407,94.73545074,11,0,-0.070643338,0.070643338,0,-0.006422122,0.006422122,pen
0.3515625,110.4,0.777160645,0,0.777160645,732.1841736,114.9393845,14.70000005,0.052868071,0,0.052868071,0.003596467,0,0.003596467,pen
0.180664063,130.4,0.777099609,0.77709198,1.098979412,752.3881531,116.4935455,14.9000001,0.052154336,0.052153824,0.073757007,0.003500291,0.003500257,0.004950135,pen
0.61328125,74.20000005,0.776977539,0.777084351,1.098887703,749.2797546,128.1496429,12.10000002,0.06421302,0.064221847,0.090817165,0.005306861,0.005307591,0.007505551,pen
0.325195313,67.39999998,-0.777099609,0,0.777099609,732.9612122,149.9077454,11.20000005,-0.069383893,0,0.069383893,-0.00619499,0,0.00619499,pen
0.145507813,33.20000005,0,0,0,769.4837341,118.8247452,12.39999998,0,0,0,0,0,0,pen
0.215820313,84.60000002,0,0.777069092,0.777069092,774.9233093,127.3725586,12.10000002,0,0.064220586,0.064220586,0,0.005307486,0.005307486,pen
0.370117188,48.89999998,0.777099609,0,0.777099609,774.1462097,130.4808655,12,0.064758301,0,0.064758301,0.005396525,0,0.005396525,pen
0.514648438,162.5,0,0,0,823.1020203,83.85642242,11.5,0,0,0,0,0,0,pen
0.37890625,95.89999998,0,0,0,803.6751404,93.18132019,12.9000001,0,0,0,0,0,0,pen
0.112304688,40.70000005,0,-0.777076721,0.777076721,804.4521179,102.5062027,12.10000002,0,-0.064221217,0.064221217,0,-0.005307539,0.005307539,pen
0.146484375,111.1,0,0,0,798.2354431,118.0476837,13.39999998,0,0,0,0,0,0,pen
0.467773438,111.1,0,0,0,802.1208191,123.4871979,11.60000002,0,0,0,0,0,0,pen
0.59765625,144.6,0.776855469,0.777069092,1.098790605,808.3373718,133.5891571,13.19999993,0.058852687,0.058868871,0.083241713,0.004458537,0.004459763,0.00630619,pen
0.247070313,927.1999999,0,0,0,732.1841736,23.24465752,11.39999998,0,0,0,0,0,0,pen
0.352539063,97.89999998,-0.777038574,-0.777080536,1.098928162,733.7383118,27.90708542,11.70000005,-0.066413553,-0.06641714,0.093925484,-0.005676372,-0.005676679,0.008027819,pen
0.39453125,94.5,0,0,0,736.8465881,33.34661484,11.69999993,0,0,0,0,0,0,pen
0.370117188,80.39999998,0,-0.777057648,0.777057648,738.4007874,34.90076828,12.10000002,0,-0.06421964,0.06421964,0,-0.005307408,0.005307408,pen
0.1171875,90.5,0.777099609,0,0.777099609,718.9739075,36.45490646,11.39999998,0.068166633,0,0.068166633,0.005979529,0,0.005979529,pen
0.260742188,88.89999998,0,0,0,725.9675598,46.55687332,11.20000005,0,0,0,0,0,0,pen
0.22265625,102.3000001,-0.777038574,-0.777076721,1.098925464,729.0758972,56.65883636,12.0999999,-0.064218064,-0.064221217,0.090820287,-0.005307278,-0.005307539,0.007505809,pen
0.548828125,215.5,0,0,0,706.540741,31.01539612,11.79999995,0,0,0,0,0,0,pen
0.580078125,88.29999995,-0.777160645,0,0.777160645,708.0948181,39.56319809,12.89999998,-0.060245011,0,0.060245011,-0.004670156,0,0.004670156,pen
0.4921875,314.0999999,0.777099609,0,0.777099609,780.3627625,37.23198318,12.4000001,0.062669323,0,0.062669323,0.005053978,0,0.005053978,pen
0.484375,50.89999998,0,0.777072906,0.777072906,785.025238,34.12368774,12.30000007,0,0.063176659,0.063176659,0,0.005136314,0.005136314,pen
0.3046875,32.39999998,-0.776977539,-0.777080536,1.098885006,774.9233093,55.88175583,12.80000007,-0.06070137,-0.060709417,0.085850391,-0.004742294,-0.004742923,0.006707062,pen
0.305664063,1746.6,0.77722168,0,0.77722168,885.2679138,60.54420471,12.60000002,0.06168426,0,0.06168426,0.004895576,0,0.004895576,pen
0.26953125,92,0,0,0,865.8410339,152.2389374,12.39999998,0,0,0,0,0,0,pen
0.3046875,266.9,0,0.777069092,0.777069092,921.7902527,43.44857407,10.89999998,0,0.071290743,0.071290743,0,0.006540435,0.006540435,pen
0.65625,167.9000001,0,0,0,892.2614441,177.1053314,12,0,0,0,0,0,0,pen
0.421875,9242.8,0,0,0,127.6206055,364.380127,11.29999995,0,0,0,0,0,0,pen
0.251953125,105.1,0,0,0,140.053772,360.4947815,11.60000002,0,0,0,0,0,0,pen
0.333984375,105.2,0,0,0,129.9518127,393.131897,11.89999998,0,0,0,0,0,0,pen
0.318359375,175,0,0,0,171.1367188,351.1698914,11,0,0,0,0,0,0,pen
0.25390625,71.89999998,0,0,0,171.9138184,371.3738403,13.70000005,0,0,0,0,0,0,pen
0.7109375,173.2,0.777038574,0,0.777038574,179.6845093,354.2781677,12.89999998,0.060235549,0,0.060235549,0.004669422,0,0.004669422,pen
0.309570313,72.70000005,-0.777069092,0,0.777069092,190.5635681,348.8386536,12.5,-0.062165527,0,0.062165527,-0.004973242,0,0.004973242,pen
0.4296875,100.4,0,0,0,177.3533325,364.380127,12.79999995,0,0,0,0,0,0,pen
0.370117188,69,0,0,0,182.0157776,372.927948,12.10000002,0,0,0,0,0,0,pen
0.09375,50.89999998,-1.554138184,0,1.554138184,193.671875,379.9216003,13.20000005,-0.117737741,0,0.117737741,-0.008919526,0,0.008919526,pen
0.1640625,77.60000002,0.777069092,-0.777069092,1.098941649,189.0094299,382.2528381,13.29999995,0.058426248,-0.058426248,0.082627192,0.004392951,-0.004392951,0.006212571,pen
0.280273438,83.60000002,0,0.777038574,0.777038574,189.0094299,388.4694519,13.39999998,0,0.057987953,0.057987953,0,0.004327459,0.004327459,pen
0.2421875,45.10000002,-0.777038574,0,0.777038574,192.1177368,400.1255798,12.30000007,-0.063173867,0,0.063173867,-0.005136087,0,0.005136087,pen
0.590820313,93.60000002,0,0,0,204.5509338,399.3485107,11.5,0,0,0,0,0,0,pen
0.28515625,448.5,0,-0.777099609,0.777099609,246.5129089,355.0552673,11.20000005,0,-0.069383893,0.069383893,0,-0.00619499,0.00619499,pen
0.229492188,43.5,0,1.554168701,1.554168701,236.4109192,375.2592163,11.19999993,0,0.138765063,0.138765063,0,0.012389738,0.012389738,pen
0.578125,101.8,0,0,0,261.2773132,346.5074158,12.39999998,0,0,0,0,0,0,pen
0.606445313,92.20000005,0,0,0,245.7358704,365.9342957,12.20000005,0,0,0,0,0,0,pen
0.125,56,-5.43951416,1.554107666,5.65716934,261.2773132,369.042572,13.9000001,-0.391331951,0.111806306,0.406990597,-0.028153378,0.008043619,0.029279899,pen
0.443359375,94.60000002,0,3.108276367,3.108276367,249.6211853,382.2528381,13.39999998,0,0.231960923,0.231960923,0,0.017310517,0.017310517,pen
0.220703125,60.70000005,-1.554199219,0,1.554199219,272.9333801,373.7050476,15,-0.103613281,0,0.103613281,-0.006907552,0,0.006907552,pen
0.450195313,790.5,0,0,0,296.245636,355.0552673,11.30000007,0,0,0,0,0,0,pen
0.552734375,110.6,0,-0.777069092,0.777069092,318.7807922,344.176239,12.5,0,-0.062165527,0.062165527,0,-0.004973242,0.004973242,pen
0.193359375,92,0,0,0,304.7934875,367.4884644,11,0,0,0,0,0,0,pen
0.2109375,82.5,0,-0.777099609,0.777099609,316.4496155,369.042572,14.69999993,0,-0.052863919,0.052863919,0,-0.003596185,0.003596185,pen
0.359375,103,0.777099609,-0.777038574,1.098941649,307.9017639,387.6924133,11.79999995,0.065855899,-0.065850727,0.093130649,0.005581008,-0.00558057,0.007892428,pen
0.5859375,147.8,0,0,0,365.4052429,339.5137634,12.60000002,0,0,0,0,0,0,pen
0.595703125,100.9,0,0,0,346.7554626,355.8323669,12.39999998,0,0,0,0,0,0,pen
0.530273438,100.9,0,0.777038574,0.777038574,349.0867004,360.4947815,12.19999993,0,0.063691687,0.063691687,0,0.00522063,0.00522063,pen
0.390625,105.7,0,0,0,352.9720154,372.1508789,11.5,0,0,0,0,0,0,pen
0.309570313,64.4000001,-1.554199219,-0.777069092,1.737633904,362.2969055,364.380127,14.29999995,-0.10868526,-0.054340496,0.121512861,-0.007600368,-0.003800035,0.008497403,pen
0.145507813,64,-0.777038574,0,0.777038574,363.0740662,381.475769,12.29999995,-0.063173868,0,0.063173868,-0.005136087,0,0.005136087,pen
0.267578125,86,-1.554138184,0,1.554138184,360.7427673,391.5777893,12.39999998,-0.125333725,0,0.125333725,-0.010107558,0,0.010107558,pen
0.546875,95.89999998,0,0,0,362.2969055,394.6860046,12,0,0,0,0,0,0,pen
0.56640625,427.8,0,0,0,417.4692688,372.1508789,11.39999998,0,0,0,0,0,0,pen
0.359375,72,0,0,0,435.3418884,361.2718506,11.80000007,0,0,0,0,0,0,pen
0.6640625,290.4,0.777099609,0,0.777099609,464.0936584,363.6030884,12.60000002,0.061674572,0,0.061674572,0.004894807,0,0.004894807,pen
0.41015625,348.6,0,0,0,465.6477356,372.1508789,13.10000002,0,0,0,0,0,0,pen
0.3359375,41.39999998,0,0,0,470.3102112,378.3674622,12,0,0,0,0,0,0,pen
0.4453125,83.70000005,-0.777038574,0,0.777038574,464.0936584,392.3548279,14.29999995,-0.054338362,0,0.054338362,-0.003799885,0,0.003799885,pen
0.392578125,58.30000007,0,-0.777069092,0.777069092,466.4248352,395.4631348,11.10000002,0,-0.070006224,0.070006224,0,-0.006306867,0.006306867,pen
0.25,75.69999993,0.777038574,-0.777038574,1.09889849,478.8580017,393.131897,13.89999998,0.055902056,-0.055902056,0.079057445,0.004021731,-0.004021731,0.005687586,pen
0.649414063,83,0,0,0,467.9790344,401.6796875,10.89999998,0,0,0,0,0,0,pen
0.418945313,81.89999998,-0.777038574,0,0.777038574,472.641449,418.7753906,14.10000002,-0.055109119,0,0.055109119,-0.003908448,0,0.003908448,pen
0.172851563,760.8000001,0,0.777069092,0.777069092,450.1062927,383.0299072,12.69999993,0,0.061186543,0.061186543,0,0.004817838,0.004817838,pen
0.15625,54.29999995,0,-0.777069092,0.777069092,450.1062927,382.2528381,11.60000002,0,-0.066988715,0.066988715,0,-0.005774889,0.005774889,pen
0.18359375,90.5,-0.777099609,0,0.777099609,458.6540833,361.2718506,12.20000005,-0.063696689,0,0.063696689,-0.00522104,0,0.00522104,pen
0.338867188,1421.2,0,0,0,553.4572449,373.7050476,11,0,0,0,0,0,0,pen
0.3359375,72,-0.777160645,-0.777130127,1.099049545,552.6800842,390.8006592,14.5,-0.053597286,-0.053595181,0.07579652,-0.003696365,-0.003696219,0.005227346,pen
0.3984375,76.30000007,-1.554077148,-0.777099609,1.73753837,551.1260071,414.1128845,17.0999999,-0.090881705,-0.045444422,0.101610432,-0.00531472,-0.002657569,0.005942131,pen
0.545898438,110.9,0,0,0,582.2088928,368.2655029,12.20000005,0,0,0,0,0,0,pen
0.637695313,93,0,-0.777099609,0.777099609,579.877655,370.5967407,13,0,-0.059776893,0.059776893,0,-0.004598223,0.004598223,pen
0.625,144.1999999,0,0,0,577.5464783,390.8006592,11.89999998,0,0,0,0,0,0,pen
0.338867188,88.30000007,0,0,0,576.7693176,397.0172424,11,0,0,0,0,0,0,pen
0.220703125,82.70000005,-0.777038574,0,0.777038574,579.877655,400.1255798,11.89999998,-0.065297359,0,0.065297359,-0.005487173,0,0.005487173,pen
0.375,135.6,0,0,0,603.9668884,362.0489197,11.79999995,0,0,0,0,0,0,pen
0.40625,71.60000002,-0.777099609,0.777038574,1.098941649,607.0752258,397.0172424,11.70000005,-0.06641877,0.066413553,0.093926636,-0.005676818,0.005676372,0.008027918,pen
0.376953125,127,0,0.777099609,0.777099609,618.7313538,358.9406433,11.30000007,0,0.068769877,0.068769877,0,0.00608583,0.00608583,pen
0.416992188,136.1,-1.554077148,0,1.554077148,601.6357727,440.5334167,13.60000002,-0.114270378,0,0.114270378,-0.008402234,0,0.008402234,pen
0.787109375,1281.3,-1.554077148,-0.777099609,1.73753837,667.6870422,323.97229,11.5,-0.135137143,-0.067573879,0.151090293,-0.011751056,-0.005875989,0.013138286,page
0.2890625,9047.4,0,0,0,502.361969,37.81167603,12,0,0,0,0,0,0,pen
0.434570313,132.1999999,0,0,0,495.9891663,34.62523651,11.60000002,0,0,0,0,0,0,pen
0.385742188,134.6999999,0,0.796607971,0.796607971,525.4635315,25.06596756,11.60000002,0,0.068673101,0.068673101,0,0.005920095,0.005920095,pen
0.157226563,68,0,-0.796596527,0.796596527,524.6669617,41.79470825,12.60000002,0,-0.063221946,0.063221946,0,-0.005017615,0.005017615,pen
0.540039063,105.8000001,0,-0.796604156,0.796604156,524.6669617,43.38791656,12.79999995,0,-0.0622347,0.0622347,0,-0.004862086,0.004862086,pen
0.274414063,94.10000002,0.796691895,0,0.796691895,527.8534241,51.35398102,11.5,0.069277556,0,0.069277556,0.006024135,0,0.006024135,pen
0.390625,95.20000005,-0.796569824,0,0.796569824,516.7008972,64.89629364,12.39999998,-0.064239502,0,0.064239502,-0.005180605,0,0.005180605,pen
0.236328125,62.10000002,0,0,0,535.8195496,44.98113632,11.60000002,0,0,0,0,0,0,pen
0.514648438,154.6999999,0,0.79659462,0.79659462,579.632843,18.69310379,12.10000002,0,0.065834266,0.065834266,0,0.005440848,0.005440848,pen
0.5859375,94,0,0.796607971,0.796607971,560.5142517,37.81167603,13.4000001,0,0.059448356,0.059448356,0,0.004436444,0.004436444,pen
0.135742188,28,0,0,0,570.0735168,41.79470825,11.5999999,0,0,0,0,0,0,pen
0.4921875,122.9000001,0.796569824,0,0.796569824,571.6667175,49.76078033,12.69999993,0.062722034,0,0.062722034,0.004938743,0,0.004938743,pen
0.465820313,98.89999998,0.796691895,0,0.796691895,572.4634094,44.18452072,13,0.061283992,0,0.061283992,0.004714153,0,0.004714153,pen
0.2890625,98.10000002,0,-0.796615601,0.796615601,583.6158142,44.18452072,12.5,0,-0.063729248,0.063729248,0,-0.00509834,0.00509834,pen
0.467773438,68.80000007,0,0,0,569.276947,64.89629364,12.39999998,0,0,0,0,0,0,pen
0.309570313,86.5999999,0,0,0,566.0905457,70.47253418,11.9000001,0,0,0,0,0,0,pen
0.22265625,60.80000007,0,0.796615601,0.796615601,567.6836853,77.64200592,11.89999998,0,0.066942488,0.066942488,0,0.005625419,0.005625419,pen
0.181640625,2207.5,0,0,0,619.4631042,36.21845627,11.89999998,0,0,0,0,0,0,pen
0.188476563,119.5999999,-0.796569824,0.796615601,1.126552218,614.6835022,48.96416855,12.20000005,-0.065292608,0.06529636,0.092340345,-0.005351853,0.005352161,0.007568881,pen
0.295898438,99.29999995,-0.796691895,0.796607971,1.126633141,619.4631042,56.93022919,11.10000002,-0.071774044,0.071766484,0.101498481,-0.00646613,0.006465449,0.009144007,pen
0.34375,96.5,0,0,0,625.0393372,64.89629364,11.80000007,0,0,0,0,0,0,pen
0.354492188,114.9,0,0,0,618.6665344,70.47253418,12,0,0,0,0,0,0,pen
0.309570313,95.5999999,0,0,0,618.6665344,73.65897369,11.70000005,0,0,0,0,0,0,pen
0.39453125,163,0,0,0,644.1579285,46.57434082,12.5,0,0,0,0,0,0,pen
0.484375,118.8,0,0,0,640.9714661,65.69290924,11.39999998,0,0,0,0,0,0,pen
0.25,78.89999998,0,0,0,651.3273621,65.69290924,11,0,0,0,0,0,0,pen
0.47265625,84.5,0,0,0,642.5647278,87.99788666,12.5,0,0,0,0,0,0,pen
0.361328125,127.1999999,0,-0.796607971,0.796607971,667.259491,30.64220428,11.9000001,0,-0.066941846,0.066941846,0,-0.005625365,0.005625365,pen
0.3984375,134.1999999,0,0,0,679.2085876,23.4727478,12,0,0,0,0,0,0,pen
0.338867188,1670,-0.796630859,0,0.796630859,706.2932434,35.42184448,11.39999998,-0.0698799,0,0.0698799,-0.006129816,0,0.006129816,pen
0.046875,38.60000002,-3.983032227,1.593219757,4.289859545,712.6661072,36.21845627,17,-0.234296013,0.093718809,0.252344679,-0.013782118,0.005512871,0.014843805,pen
0.495117188,145.8000001,0.796630859,0,0.796630859,715.8525696,38.60827255,12.19999993,0.065297612,0,0.065297612,0.005352263,0,0.005352263,pen
0.34375,133.3000001,0,-0.796607971,0.796607971,697.5305481,54.54040527,12,0,-0.066383998,0.066383998,0,-0.005532,0.005532,pen
0.418945313,93.20000005,0,0.796607971,0.796607971,693.5475769,60.91326141,11.89999998,0,0.066941846,0.066941846,0,0.005625365,0.005625365,pen
0.264648438,80.5,-0.796630859,0,0.796630859,690.3611145,76.84539032,11.0999999,-0.071768547,0,0.071768547,-0.006465635,0,0.006465635,pen
0.390625,134,0,0.796607971,0.796607971,679.2085876,83.21824646,12.20000005,0,0.065295735,0.065295735,0,0.005352109,0.005352109,pen
0.19140625,23.60000002,0,0,0,693.5475769,84.8114624,11.5999999,0,0,0,0,0,0,pen
0.389648438,182.2,0,0,0,740.5473328,31.43881226,11.79999995,0,0,0,0,0,0,pen
0.356445313,118.8,0,0,0,744.5304871,28.25239182,11.70000005,0,0,0,0,0,0,pen
0.283203125,89.39999998,0,0.796615601,0.796615601,727.8016663,48.96416855,11.70000005,0,0.068086803,0.068086803,0,0.005819385,0.005819385,pen
0.401367188,98.20000005,-0.796569824,0,0.796569824,721.4288025,60.11665344,12.10000002,-0.065832217,0,0.065832217,-0.005440679,0,0.005440679,pen
0.143554688,60.5,0,-0.796607971,0.796607971,735.7676697,54.54040527,13.39999998,0,-0.059448356,0.059448356,0,-0.004436444,0.004436444,pen
0.31640625,68.5,-0.796630859,0,0.796630859,729.3948059,69.67594147,13.0999999,-0.060811516,0,0.060811516,-0.004642101,0,0.004642101,pen
0.243164063,230.1999999,0,-0.796604156,0.796604156,758.0727234,51.35398102,11.4000001,0,-0.069877557,0.069877557,0,-0.00612961,0.00612961,pen
0.345703125,111.1,0,0,0,788.3438416,46.57434082,12.20000005,0,0,0,0,0,0,pen
0.72265625,89.5,0,0.796615601,0.796615601,794.7166443,48.96416855,11.69999993,0,0.068086804,0.068086804,0,0.005819385,0.005819385,pen
0.552734375,585,-0.796569824,0,0.796569824,516.7008972,111.89608,12.69999993,-0.062722034,0,0.062722034,-0.004938743,0,0.004938743,pen
0.37890625,89.20000005,-0.796630859,0,0.796630859,504.7517395,115.0825119,12.29999995,-0.064766737,0,0.064766737,-0.005265588,0,0.005265588,pen
0.626953125,150.3,0,0,0,499.1755676,145.3535614,12.20000005,0,0,0,0,0,0,pen
0.497070313,284.4,0,0,0,562.1074524,115.8791122,11.10000002,0,0,0,0,0,0,pen
0.224609375,26.29999995,0,0,0,597.1581116,141.3705292,11.70000005,0,0,0,0,0,0,pen
0.345703125,546.5,0,0.79662323,0.79662323,633.8020325,117.4723434,11.79999995,0,0.067510443,0.067510443,0,0.005721224,0.005721224,pen
0.376953125,91.39999998,0,0,0,644.1579285,125.4384003,12.60000002,0,0,0,0,0,0,pen
0.349609375,732.4,-0.796569824,0,0.796569824,715.8525696,115.0825119,13,-0.061274602,0,0.061274602,-0.004713431,0,0.004713431,pen
0.338867188,89.89999998,0,0.79662323,0.79662323,717.4457092,113.4893112,12.29999995,0,0.064766117,0.064766117,0,0.005265538,0.005265538,pen
0.374023438,125.6,0,0.796630859,0.796630859,702.3102722,139.7773285,14.29999995,0,0.055708452,0.055708452,0,0.003895696,0.003895696,pen
0.295898438,103.8000001,0.796569824,-0.796615601,1.126552218,694.3441467,153.3196259,11.10000002,0.071763047,-0.071767171,0.101491191,0.006465139,-0.006465511,0.00914335,pen
0.463867188,1198.6,0,0,0,770.8183289,122.2519836,11.5999999,0,0,0,0,0,0,pen
0.265625,114.5999999,0,0.796585083,0.796585083,770.0218201,136.5908813,11.20000005,0,0.071123668,0.071123668,0,0.006350327,0.006350327,pen
0.374023438,139.4,-0.796630859,0.796607971,1.126589981,797.1064148,115.0825119,12.20000005,-0.065297611,0.065295735,0.092343441,-0.005352263,0.005352109,0.007569134,pen
0.333984375,86.80000007,0,0,0,793.1233826,123.8451996,11.19999993,0,0,0,0,0,0,pen
0.3515625,112,0,0.796585083,0.796585083,790.73349,132.6078491,11.30000007,0,0.070494255,0.070494255,0,0.00623843,0.00623843,pen
0.370117188,88.60000002,0,0,0,793.1233826,139.7773285,11.5,0,0,0,0,0,0,pen
0.26953125,96.89999998,0,0,0,776.3947449,158.8958588,11.60000002,0,0,0,0,0,0,pen
0.193359375,142.8000001,0,0.796615601,0.796615601,805.8691101,129.4214325,11.60000002,0,0.068673759,0.068673759,0,0.005920152,0.005920152,pen
0.470703125,171,0.79675293,0.796592712,1.126665514,844.1062927,110.3028717,13.10000002,0.060820834,0.060808604,0.086005001,0.004642812,0.004641878,0.006565267,pen
0.34375,113.5,-0.79675293,0.796630859,1.126692486,831.3604431,119.862175,12.20000005,-0.065307617,0.065297611,0.092351843,-0.005353083,0.005352263,0.007569823,pen
0.321289063,124.1,-0.796630859,0,0.796630859,828.9706726,120.6587524,12.19999993,-0.065297612,0,0.065297612,-0.005352263,0,0.005352263,pen
0.655273438,138.9,0.796630859,0,0.796630859,837.7333679,139.7773285,11.89999998,0.06694377,0,0.06694377,0.005625527,0,0.005625527,pen
0.258789063,98.60000002,0,-0.796615601,0.796615601,839.3266296,129.4214325,11.5999999,0,-0.068673759,0.068673759,0,-0.005920152,0.005920152,pen
0.247070313,105.9,-0.796508789,0.796585083,1.126487481,860.0384216,131.0146332,12.39999998,-0.06423458,0.064240733,0.090845765,-0.005180208,0.005180704,0.007326271,pen
0.234375,115.4,0,0,0,839.3266296,147.7433929,10.70000005,0,0,0,0,0,0,pen
0.434570313,87.39999998,-0.79675293,-0.796585083,1.12666012,834.5468445,159.6924896,12.80000007,-0.062246322,-0.062233209,0.088020321,-0.004862994,-0.004861969,0.006876588,pen
0.501953125,92,-0.796630859,0.796630859,1.126606166,836.9367371,163.6755219,11.79999995,-0.06751109,0.06751109,0.095475099,-0.005721279,0.005721279,0.00809111,pen
0.298828125,122.8,0,0.796585083,0.796585083,883.1399841,142.9637299,13.4000001,0,0.059446648,0.059446648,0,0.004436317,0.004436317,pen
0.479492188,213.5999999,0.79675293,0,0.79675293,778.7845154,203.5058594,11.80000007,0.067521434,0,0.067521434,0.005722155,0,0.005722155,pen
0.359375,60.20000005,0,0,0,777.1912537,212.2685089,11.29999995,0,0,0,0,0,0,pen
0.267578125,24.39999998,-0.796508789,-0.796600342,1.126498271,792.3268738,213.8617249,12.20000005,-0.065287605,-0.06529511,0.092335924,-0.005351443,-0.005352058,0.007568518,pen
0.342773438,140.5,0,0.796630859,0.796630859,818.6147156,185.9805145,11.39999998,0,0.0698799,0.0698799,0,0.006129816,0.006129816,pen
0.205078125,76.10000002,0,0,0,830.5639343,188.3703156,11.5,0,0,0,0,0,0,pen
0.307617188,119.1999999,0,0.796600342,0.796600342,830.5639343,222.6243896,18.5,0,0.043059478,0.043059478,0,0.002327539,0.002327539,pen
0.47265625,147.8,0.796630859,0.796630859,1.126606166,878.360321,191.5567627,18.10000002,0.044012755,0.044012755,0.062243434,0.002431644,0.002431644,0.003438864,pen
0.327148438,101.8000001,0.796630859,0,0.796630859,877.5636902,193.1499481,11.79999995,0.06751109,0,0.06751109,0.005721279,0,0.005721279,pen
0.368164063,101.8,0,0,0,867.2078552,211.4719238,12.5,0,0,0,0,0,0,pen
0.271484375,134.4000001,0,0,0,906.2415466,256.878479,11.79999995,0,0,0,0,0,0,pen
0.208984375,1051.8,-0.796630859,0.796607971,1.126589981,450.58255,29.04899979,12.70000005,-0.062726839,0.062725037,0.088707872,-0.004939121,0.004938979,0.006984872,pen
0.321289063,100.4,0.796630859,0,0.796630859,454.5655823,29.04899979,11.10000002,0.071768546,0,0.071768546,0.006465635,0,0.006465635,pen
0.559570313,108,0,0,0,445.802887,47.37094879,11.19999993,0,0,0,0,0,0,pen
0.548828125,111.4,-0.796630859,-0.796607971,1.126589981,442.6164856,63.3030777,12.20000005,-0.065297611,-0.065295735,0.092343441,-0.005352263,-0.005352109,0.007569134,pen
0.267578125,51.20000005,0,0,0,445.0063171,70.47253418,11.79999995,0,0,0,0,0,0,pen
0.296875,6946.8,0,-0.796600342,0.796600342,497.5823059,361.2339478,12,0,-0.066383362,0.066383362,0,-0.005531947,0.005531947,pen
0.372070313,96.5,-0.796569824,0,0.796569824,499.9721985,378.7592773,12.10000002,-0.065832217,0,0.065832217,-0.005440679,0,0.005440679,pen
0.361328125,82.70000005,0,0,0,497.5823059,399.4710999,12.19999993,0,0,0,0,0,0,pen
0.486328125,146.1999999,0,0,0,519.0906677,354.8611145,12.20000005,0,0,0,0,0,0,pen
0.356445313,85.69999993,-0.796569824,0,0.796569824,534.2262268,340.5221863,13.30000007,-0.059892468,0,0.059892468,-0.004503193,0,0.004503193,pen
0.458984375,102.0999999,0,0,0,519.0906677,363.6237488,11.60000002,0,0,0,0,0,0,pen
0.258789063,79.10000002,0,-0.796600342,0.796600342,519.0906677,372.3864441,11.5999999,0,-0.068672444,0.068672444,0,-0.005920038,0.005920038,pen
0.170898438,118.1,0,-0.796600342,0.796600342,527.0567322,377.1660767,11.70000005,0,-0.068085499,0.068085499,0,-0.005819273,0.005819273,pen
0.340820313,2441.8,0,0,0,531.0398254,337.3357544,11.79999995,0,0,0,0,0,0,pen
0.4296875,159.1999999,0,0,0,517.497467,345.3018188,11.5,0,0,0,0,0,0,pen
0.354492188,79.60000002,-1.593139648,0.796600342,1.781197924,550.9549866,349.2848511,12.20000005,-0.130585217,0.06529511,0.145999829,-0.010703706,0.005352058,0.011967199,pen
0.236328125,141.3,0,0,0,518.2940979,370.7932434,12.10000002,0,0,0,0,0,0,pen
0.349609375,143.4,0,0.796600342,0.796600342,521.4804993,377.1660767,12.5,0,0.063728027,0.063728027,0,0.005098242,0.005098242,pen
0.6171875,133.3,0,0,0,519.0906677,388.318573,13.10000002,0,0,0,0,0,0,pen
0.5234375,90.60000002,0,0,0,524.6669617,396.2846375,11.5999999,0,0,0,0,0,0,pen
0.747070313,164,0,-0.796630859,0.796630859,573.2599792,347.6916199,13.10000002,0,-0.060811516,0.060811516,0,-0.0046421,0.0046421,pen
0.479492188,96.39999998,0,0,0,570.0735168,360.4373474,11.29999995,0,0,0,0,0,0,pen
0.508789063,93.70000005,0,0,0,570.0735168,362.827179,11.89999998,0,0,0,0,0,0,pen
0.6171875,137.1999999,0,0.796569824,0.796569824,579.632843,335.7425232,11.5,0,0.069266941,0.069266941,0,0.006023212,0.006023212,pen
0.526367188,96.60000002,0,0.796630859,0.796630859,593.1750793,336.5391541,11.80000007,0,0.067511089,0.067511089,0,0.005721279,0.005721279,pen
0.287109375,88.70000005,0,0,0,568.4802551,380.3525085,11.19999993,0,0,0,0,0,0,pen
0.229492188,52.80000007,0,-0.796600342,0.796600342,569.276947,385.9287415,12.69999993,0,-0.062724437,0.062724437,0,-0.004938932,0.004938932,pen
0.31640625,98.70000005,0,-0.796569824,0.796569824,567.6836853,387.5220032,12,0,-0.066380819,0.066380819,0,-0.005531735,0.005531735,pen
0.668945313,71,0,0.796630859,0.796630859,588.3955383,406.6405334,11.79999995,0,0.06751109,0.06751109,0,0.005721279,0.005721279,pen
0.328125,2881,0,0,0,640.9714661,366.8102112,13.5,0,0,0,0,0,0,pen
0.276367188,1583.4,0,0,0,773.2082214,369.2000122,12,0,0,0,0,0,0,pen
0.423828125,4236.8,-0.796569824,0,0.796569824,689.5645447,362.827179,11.69999993,-0.068082891,0,0.068082891,-0.005819051,0,0.005819051,pen
0.327148438,100.5,0,0,0,687.1747131,368.4034119,11.39999998,0,0,0,0,0,0,pen
0.08203125,47.79999995,0,-0.796600342,0.796600342,684.7848816,384.3355408,12.5,0,-0.063728027,0.063728027,0,-0.005098242,0.005098242,pen
0.46875,144.2,0,0,0,715.8525696,357.2509155,12.19999993,0,0,0,0,0,0,pen
0.330078125,92.70000005,0,0,0,701.5135803,385.1321411,12.0999999,0,0,0,0,0,0,pen
0.508789063,152.5999999,0,-0.796569824,0.796569824,735.7676697,358.8441467,11.80000007,0,-0.067505917,0.067505917,0,-0.00572084,0.00572084,pen
0.16796875,38.20000005,0,0.796600342,0.796600342,734.17453,369.9966125,13.39999998,0,0.059447787,0.059447787,0,0.004436402,0.004436402,pen
0.44140625,131.4000001,0,0,0,743.7338562,350.0814514,11.69999993,0,0,0,0,0,0,pen
0.481445313,85.69999993,0,-0.796600342,0.796600342,738.9541321,360.4373474,11.10000002,0,-0.071765796,0.071765796,0,-0.006465387,0.006465387,pen
0.325195313,34.9000001,0,0,0,741.3439636,366.0135803,10.89999998,0,0,0,0,0,0,pen
0.338867188,45.20000005,0,0,0,747.7167664,376.3694763,11.89999998,0,0,0,0,0,0,pen
0.258789063,82.9000001,0,0,0,738.1575012,395.4880676,11.19999993,0,0,0,0,0,0,pen
0.383789063,89,-0.796630859,-0.796630859,1.126606166,743.7338562,404.2507019,12.29999995,-0.064766737,-0.064766737,0.091593998,-0.005265588,-0.005265588,0.007446666,pen
0.267578125,39.70000005,0,0.796569824,0.796569824,765.242157,392.3016052,13.5999999,0,0.058571311,0.058571311,0,0.004306714,0.004306714,pen
0.493164063,83.19999993,0.796630859,0,0.796630859,742.1405945,411.4202271,12,0.066385905,0,0.066385905,0.005532159,0,0.005532159,pen
0.620117188,234.8000001,-0.796508789,0,0.796508789,832.157196,382.7423096,13.39999998,-0.059440955,0,0.059440955,-0.004435892,0,0.004435892,pen
0.3984375,73.10000002,-0.796630859,0,0.796630859,828.9706726,404.2507019,11.70000005,-0.068088107,0,0.068088107,-0.005819496,0,0.005819496,pen
0.240234375,68.5999999,-0.796630859,0,0.796630859,825.7842712,424.165863,13,-0.061279297,0,0.061279297,-0.004713792,0,0.004713792,pen
0.427734375,99.39999998,-0.796630859,0,0.796630859,854.4621277,378.7592773,13.29999995,-0.059897057,0,0.059897057,-0.004503538,0,0.004503538,pen
0.336914063,34.89999998,0,0,0,864.8179626,366.8102112,11.80000007,0,0,0,0,0,0,pen
0.555664063,81.10000002,0,0,0,844.1062927,394.6914063,11.70000005,0,0,0,0,0,0,pen
0.436523438,165.4,0,0.796630859,0.796630859,911.8178406,368.4034119,12.10000002,0,0.065837261,0.065837261,0,0.005441096,0.005441096,pen
0.36328125,60.60000002,0,0,0,898.2753601,405.0473328,10.79999995,0,0,0,0,0,0,pen
