pressure0,interval,v0_x,v0_y,v0,aX,aY,a,pos_x,pos_y,msec,Mode
0.224609375,5456,-0.793365479,0.793392181,1.122007102,-0.793365479,0.793392181,1.122007102,41.4694519,32.06613922,13.70000005,pen
0.162109375,344.6,0.793365479,-0.793390274,1.122005753,0.793365479,-0.793390274,1.122005753,85.89920044,20.95868492,12.5,pen
0.198242188,117.4,0,0,0,0,0,0,98.59341431,19.37191772,11,pen
0.383789063,61.30000007,0,0,0,0,0,0,105.7339172,18.57852554,12.39999998,pen
0.524414063,149.8,0,0,0,0,0,0,127.155365,36.82645798,11.19999993,pen
0.31640625,55.10000002,0,0,0,0,0,0,127.948822,23.33886147,14,pen
0.345703125,311.7,0,0,0,0,0,0,152.5438538,32.85951614,10.5,pen
0.295898438,102.2,0,0,0,0,0,0,165.2380981,30.47935486,14.0999999,pen
0.392578125,443.1,0,0,0,0,0,0,190.6265259,14.6115818,11.10000002,pen
0.387695313,116.6,0,0,0,0,0,0,192.2132874,36.82645798,11.30000007,pen
0.510742188,91.70000005,0.793426514,0,0.793426514,0.793426514,0,0.793426514,181.1058655,43.17358017,11.30000007,pen
0.37890625,89.10000002,0,0,0,0,0,0,201.7339478,42.38018417,11.10000002,pen
0.327148438,197.7,0.793365479,0.793392181,1.122007102,0.793365479,0.793392181,1.122007102,215.2215271,4.297533989,18,pen
0.37890625,150.6,0.793365479,0,0.793365479,0.793365479,0,0.793365479,201.7339478,21.7520752,13.60000002,pen
0.483398438,109.8000001,0,0,0,0,0,0,208.8744507,20.165308,10.9000001,pen
0.508789063,186,0,0.793395996,0.793395996,0,0.793395996,0.793395996,217.6017151,37.61985397,12.29999995,pen
0.112304688,51.0999999,0,-0.793388367,0.793388367,0,-0.793388367,0.793388367,224.7422485,37.61985397,11.60000002,pen
0.155273438,957.4000001,0,0,0,0,0,0,256.4778137,13.02479744,11.39999998,pen
0.340820313,82.70000005,0,0,0,0,0,0,254.0976257,14.6115818,11.69999993,pen
0.401367188,92.5,0,0,0,0,0,0,255.6843567,32.06613922,12.80000007,pen
0.40625,88.70000005,0,0,0,0,0,0,250.1306458,42.38018417,11.70000005,pen
0.696289063,171.5999999,0,0,0,0,0,0,271.5521545,13.02479744,12,pen
0.083984375,40.60000002,-0.793273926,0.793390274,1.121941018,-0.793273926,0.793390274,1.121941018,280.2795105,16.19836426,11.69999993,pen
0.42578125,93.19999993,0,0,0,0,0,0,273.9323425,32.06613922,11.19999993,pen
0.3515625,79.9000001,0,0,0,0,0,0,274.7256775,39.20663452,11.20000005,pen
0.180664063,59.89999998,-0.793395996,0,0.793395996,-0.793395996,0,0.793395996,274.7256775,50.31406784,14.0999999,pen
0.328125,86.9000001,-0.793334961,0,0.793334961,-0.793334961,0,0.793334961,273.9323425,56.66118622,11.5,pen
0.283203125,60,0,0,0,0,0,0,277.1058655,61.42150879,10.5,pen
0.3125,108.5,0.793457031,0,0.793457031,0.793457031,0,0.793457031,287.4199524,56.66118622,10.89999998,pen
0.19140625,5252.6,0,0,0,0,0,0,67.65124512,267.7025757,11.79999995,pen
0.25,95.39999998,0,-0.793365479,0.793365479,0,-0.793365479,0.793365479,72.41159058,262.1488647,11.9000001,pen
0.231445313,39.5,0,0,0,0,0,0,80.3454895,260.5621033,11.89999998,pen
0.436523438,67.20000005,0,0,0,0,0,0,60.51074219,288.330719,11.10000002,pen
0.327148438,119.8,0,0,0,0,0,0,75.58514404,289.91745,11.5,pen
0.467773438,52.39999998,0,0,0,0,0,0,82.72564697,287.5372925,13.70000005,pen
0.499023438,262,0,0.793395996,0.793395996,0,0.793395996,0.793395996,120.8083191,255.0083618,11.79999995,pen
0.4609375,75.80000007,0.793395996,0,0.793395996,0.793395996,0,0.793395996,102.5603638,278.0166321,11.10000002,pen
0.278320313,50.19999993,-0.793395996,0,0.793395996,-0.793395996,0,0.793395996,116.0479736,265.3224182,12.5,pen
0.102539063,66.9000001,-1.586791992,0,1.586791992,-1.586791992,0,1.586791992,115.2545776,281.9835815,11.29999995,pen
0.467773438,50.10000002,0,0,0,0,0,0,123.188446,278.8100281,11.69999993,pen
0.625,99.20000005,0,0,0,0,0,0,133.502533,265.3224182,12.29999995,pen
0.3125,55.39999998,0,0,0,0,0,0,135.8827209,269.2893677,10.79999995,pen
0.420898438,1236.7,0,0,0,0,0,0,174.758728,255.8017273,11.5,pen
0.220703125,53.60000002,0,0,0,0,0,0,154.9240112,264.5290527,11.39999998,pen
0.215820313,127.3,0,-0.793365479,0.793365479,0,-0.793365479,0.793365479,152.5438538,272.4629517,12,pen
0.147460938,34.60000002,0,-0.793395996,0.793395996,0,-0.793395996,0.793395996,158.0975647,277.2232361,10.79999995,pen
0.271484375,156.3,0,0,0,0,0,0,160.4777222,283.570343,11.30000007,pen
0.517578125,110,0,0,0,0,0,0,166.0314331,281.1901855,11.70000005,pen
0.163085938,30.0999999,0,0,0,0,0,0,167.6182251,290.7108459,11.20000005,pen
0.182617188,303.1,-0.793365479,0,0.793365479,-0.793365479,0,0.793365479,173.1719666,289.91745,10.9000001,pen
0.20703125,38.20000005,0,-0.793365479,0.793365479,0,-0.793365479,0.793365479,175.5520935,288.330719,13.89999998,pen
0.169921875,4919.9,-0.978820801,0,0.978820801,-0.978820801,0,0.978820801,224.1311951,263.040741,14.5,pen
0.361328125,404.5999999,-0.489501953,0.4894104,0.692195566,-0.489501953,0.4894104,0.692195566,246.153595,267.4452209,13.39999998,pen
0.30078125,118.7,0,0.489349365,0.489349365,0,0.489349365,0.489349365,245.1748352,277.7223206,13.80000007,pen
0.568359375,147.9,0.489440918,0.4894104,0.692152405,0.489440918,0.4894104,0.692152405,253.9838562,262.0619812,12.4000001,pen
0.249023438,98.39999998,-0.489440918,0,0.489440918,-0.489440918,0,0.489440918,257.4095154,263.040741,12.29999995,pen
0.432617188,170.8,0,0,0,0,0,0,249.5793762,285.5525208,12.4000001,pen
0.321289063,108.3,-0.489379883,0,0.489379883,-0.489379883,0,0.489379883,258.8777161,273.8072205,12.60000002,pen
0.557617188,85.29999995,-0.489379883,0,0.489379883,-0.489379883,0,0.489379883,258.8777161,286.531311,12.5999999,pen
0.396484375,75.60000002,0,0.489379883,0.489379883,0,0.489379883,0.489379883,264.2609558,281.6374207,12.4000001,pen
0.611328125,418.5999999,0,-0.489379883,0.489379883,0,-0.489379883,0.489379883,290.1984558,256.6786804,12.79999995,pen
0.453125,107.9000001,0.489379883,0,0.489379883,0.489379883,0,0.489379883,277.4743958,263.5301208,10.80000007,pen
0.453125,97.39999998,0,-0.489349365,0.489349365,0,-0.489349365,0.489349365,281.8788757,268.9133911,21.5999999,pen
0.3359375,113.6,0,0,0,0,0,0,284.3258362,278.211731,10.5,pen
0.548828125,93.69999993,0,0,0,0,0,0,295.5816956,274.2966309,11.19999993,pen
0.501953125,106.3000001,0,0,0,0,0,0,284.3258362,287.9994812,11.69999993,pen
0.512695313,567.6,-0.489379883,0,0.489379883,-0.489379883,0,0.489379883,320.0510559,267.4452209,11.20000005,pen
0.318359375,79.39999998,0,0,0,0,0,0,321.0298157,280.169281,12.29999995,pen
0.501953125,72.10000002,0,0,0,0,0,0,323.4767761,291.4251404,10.89999998,pen
0.622070313,97.5,-0.489379883,0,0.489379883,-0.489379883,0,0.489379883,349.903656,256.6786804,11.80000007,pen
0.4609375,100.8000001,0,0,0,0,0,0,353.3293762,260.593811,11.30000007,pen
0.44140625,107.4,0,0,0,0,0,0,357.7338562,265.9770508,10.60000002,pen
0.637695313,186.5,0.489379883,0.489349365,0.692066089,0.489379883,0.489349365,0.692066089,380.7350159,254.2317505,12.4000001,pen
0.249023438,1721.3,0,-0.489379883,0.489379883,0,-0.489379883,0.489379883,437.5039368,255.6999207,11,pen
0.639648438,97,-0.489257813,0,0.489257813,-0.489257813,0,0.489257813,440.929718,270.8709106,12.10000002,pen
0.8984375,153.0999999,0.489379883,0,0.489379883,0.489379883,0,0.489379883,457.0793762,255.2105408,11.10000002,pen
0.3125,85.39999998,0,0,0,0,0,0,455.6112976,266.4664307,12.5,pen
0.405273438,115.9000001,0,0,0,0,0,0,487.4214172,265.4876404,10.60000002,pen
0.3359375,48.10000002,0,0,0,0,0,0,487.9107361,282.1268005,12.29999995,pen
0.318359375,118.6,0,-0.489349365,0.489349365,0,-0.489349365,0.489349365,508.9543762,260.593811,11.70000005,pen
0.33203125,115.4000001,-0.489379883,0,0.489379883,-0.489379883,0,0.489379883,532.4449768,266.4664307,11.30000007,pen
0.383789063,8426.7,0,0,0,0,0,0,91.31747437,362.3037109,11,pen
0.434570313,159.0999999,0,0,0,0,0,0,90.31304932,357.6164551,11.10000002,pen
0.3359375,146.8000001,0.334777832,0,0.334777832,0.334777832,0,0.334777832,82.94735718,378.3742981,14.89999998,pen
0.495117188,285.8,0,0,0,0,0,0,114.0841675,354.603241,11,pen
0.5390625,126.3000001,0,0.33480835,0.33480835,0,0.33480835,0.33480835,111.7405396,357.9512634,12,pen
0.693359375,255.2,0.334777832,0.33480835,0.47346893,0.334777832,0.33480835,0.47346893,132.1635742,349.5811462,11.10000002,pen
0.668945313,128.4,0,0,0,0,0,0,124.1282654,354.603241,10.60000002,pen
0.361328125,103.9,0,0,0,0,0,0,127.8111267,357.9512634,11.39999998,pen
0.50390625,119.5,0,0,0,0,0,0,127.8111267,363.3081055,11.19999993,pen
0.434570313,106.5999999,0,0,0,0,0,0,123.1238403,372.6826172,11.60000002,pen
0.568359375,74.10000002,-0.334747314,0.33480835,0.473447352,-0.334747314,0.33480835,0.473447352,129.4851685,371.008606,11.5,pen
0.233398438,2318.4,0,0,0,0,0,0,159.2827148,356.9468689,11.10000002,pen
0.651367188,85.4000001,-0.334747314,0,0.334747314,-0.334747314,0,0.334747314,158.6130981,372.3478394,10.89999998,pen
0.461914063,390.9,0.334777832,0,0.334777832,0.334777832,0,0.334777832,185.3973694,360.9644775,10.89999998,pen
0.233398438,89.60000002,-0.334838867,0,0.334838867,-0.334838867,0,0.334838867,188.7454224,367.6605835,12.29999995,pen
0.1796875,77.70000005,-0.33480835,0,0.33480835,-0.33480835,0,0.33480835,184.3929749,364.9821472,12,pen
0.340820313,90.60000002,0,-0.33480835,0.33480835,0,-0.33480835,0.33480835,187.40625,379.3787231,10.70000005,pen
0.6015625,55,0,0,0,0,0,0,192.4282837,371.008606,11.20000005,pen
0.5546875,152.3000001,0,0,0,0,0,0,213.1861267,356.61203,13.30000007,pen
0.211914063,60.20000005,-0.334777832,0,0.334777832,-0.334777832,0,0.334777832,211.1773376,364.9821472,11.69999993,pen
0.430664063,84.10000002,-0.33480835,0,0.33480835,-0.33480835,0,0.33480835,216.1993713,366.3213501,10.80000007,pen
0.193359375,66.20000005,-0.33480835,-0.334777832,0.47346893,-0.33480835,-0.334777832,0.47346893,213.1861267,375.361084,11.29999995,pen
0.415039063,65.89999998,0,0,0,0,0,0,209.5033264,385.4051819,11.29999995,pen
0.630859375,266.5,0,0,0,0,0,0,239.3008118,353.9335938,14,pen
0.541992188,96.19999993,-0.334777832,0.33480835,0.47346893,-0.334777832,0.33480835,0.47346893,233.6091614,358.2860718,11.20000005,pen
0.427734375,55.10000002,0,0,0,0,0,0,249.3450012,355.6076355,11.5,pen
0.3515625,109.5,0.334838867,0,0.334838867,0.334838867,0,0.334838867,232.269989,364.9821472,12.5,pen
0.559570313,98,-0.334716797,0,0.334716797,-0.334716797,0,0.334716797,234.2788391,369.3345642,11.69999993,pen
0.192382813,86.89999998,-0.334899902,-0.334777832,0.473533675,-0.334899902,-0.334777832,0.473533675,235.6179504,372.3478394,13.5,pen
0.443359375,75.29999995,0,0,0,0,0,0,239.3008118,372.3478394,11.79999995,pen
0.399414063,110.3,0,0,0,0,0,0,244.6577454,377.0350952,10.89999998,pen
0.586914063,996,0.33480835,0,0.33480835,0.33480835,0,0.33480835,85.62579346,415.8723755,11.60000002,pen
0.2265625,57.9000001,-0.334838867,0,0.334838867,-0.334838867,0,0.334838867,98.0135498,414.8679199,12.89999998,pen
0.666992188,113.5,0.33480835,0,0.33480835,0.33480835,0,0.33480835,103.035614,417.2115784,12.10000002,pen
0.727539063,238.2,0,-0.33480835,0.33480835,0,-0.33480835,0.33480835,118.7714233,411.1850586,11.60000002,pen
0.510742188,127.9,0,0.334747314,0.334747314,0,0.334747314,0.334747314,118.7714233,411.1850586,11,pen
0.6953125,159.2,0,0.334747314,0.334747314,0,0.334747314,0.334747314,140.8684692,397.4580994,11.5,pen
0.497070313,121.1,-0.334777832,0,0.334777832,-0.334777832,0,0.334777832,127.8111267,406.4978638,11.70000005,pen
0.4921875,90.19999993,0,-0.33480835,0.33480835,0,-0.33480835,0.33480835,130.1547852,410.1806641,12.89999998,pen
0.45703125,105.5,0,0,0,0,0,0,131.8287964,415.2027283,11.39999998,pen
0.4140625,95.89999998,0,-0.334777832,0.334777832,0,-0.334777832,0.334777832,131.8287964,422.2336426,13.5,pen
0.67578125,104.9000001,-0.334747314,0,0.334747314,-0.334747314,0,0.334747314,143.8817444,417.5463867,12.70000005,pen
0.604492188,183.9000001,0,0,0,0,0,0,162.9655151,404.823822,11.20000005,pen
0.359375,72.39999998,-0.33480835,0,0.33480835,-0.33480835,0,0.33480835,165.6439514,418.5507813,10.89999998,pen
0.78515625,631.2,0.33480835,0.334838867,0.473512088,0.33480835,0.334838867,0.473512088,184.7277832,407.16745,12,pen
0.66015625,109.8,0,0,0,0,0,0,188.4106445,404.1542053,11,pen
0.477539063,82.30000007,0,0,0,0,0,0,197.1155396,401.8105469,10.89999998,pen
0.590820313,117.1,0.334838867,0,0.334838867,0.334838867,0,0.334838867,182.0493774,421.5640259,12.39999998,pen
0.58203125,79.70000005,-0.334838867,0,0.334838867,-0.334838867,0,0.334838867,188.7454224,423.9076843,11,pen
0.577148438,90.70000005,0,0.334747314,0.334747314,0,0.334747314,0.334747314,199.7939453,424.2424316,14.5,pen
0.568359375,196.3,-0.334838867,0,0.334838867,-0.334838867,0,0.334838867,216.8689575,402.8150024,11.30000007,pen
0.59765625,100.4,0.334777832,0,0.334777832,0.334777832,0,0.334777832,208.1640625,417.2115784,12.5999999,pen
0.5234375,106.1999999,0,0.334838867,0.334838867,0,0.334838867,0.334838867,213.1861267,410.8503113,11.10000002,pen
0.336914063,82.10000002,-1.004394531,0.33480835,1.058728013,-1.004394531,0.33480835,1.058728013,212.1817322,419.8899841,12.10000002,pen
0.192382813,56.39999998,0.33480835,0,0.33480835,0.33480835,0,0.33480835,212.1817322,421.2292175,10.89999998,pen
0.44140625,129.1,-0.33480835,0,0.33480835,-0.33480835,0,0.33480835,223.565033,409.8459167,10.5999999,pen
0.48828125,88.29999995,-0.33480835,-0.33480835,0.473490509,-0.33480835,-0.33480835,0.473490509,223.565033,413.1939087,12.69999993,pen
0.67578125,223.2,0,0.33480835,0.33480835,0,0.33480835,0.33480835,247.0013123,398.4625549,11.20000005,pen
0.686523438,140.9,0,0,0,0,0,0,234.6135559,402.8150024,11.39999998,pen
0.5078125,89.69999993,-0.334777832,0.334777832,0.47344735,-0.334777832,0.334777832,0.47344735,254.3670349,400.8061523,13.70000005,pen
0.296875,124,0,0.334777832,0.334777832,0,0.334777832,0.334777832,232.6047668,408.5066528,12.39999998,pen
0.764648438,107.4,0,-0.33480835,0.33480835,0,-0.33480835,0.33480835,233.2743835,413.528717,11.19999993,pen
0.383789063,122.5999999,0,0,0,0,0,0,238.966095,414.1983337,11.39999998,pen
0.493164063,81.10000002,0,-0.33480835,0.33480835,0,-0.33480835,0.33480835,240.3052673,414.5331116,11.19999993,pen
0.42578125,86.29999995,-0.334777832,0,0.334777832,-0.334777832,0,0.334777832,242.6488953,422.9032288,14.69999993,pen
0.446289063,87,0,0,0,0,0,0,244.3229065,421.2292175,11.10000002,pen
0.383789063,2304.3,0,0.334869385,0.334869385,0,0.334869385,0.334869385,61.5199585,474.4631042,12,pen
0.481445313,135.2,0,0.334838867,0.334838867,0,0.334838867,0.334838867,69.5552063,462.4101257,12.20000005,pen
0.537109375,99.30000007,0.33480835,0,0.33480835,0.33480835,0,0.33480835,67.88119507,474.7978516,12.89999998,pen
0.287109375,125.9,-0.33480835,0,0.33480835,-0.33480835,0,0.33480835,87.63461304,460.0664673,10.70000005,pen
0.517578125,108,0,0,0,0,0,0,84.95623779,478.4806824,11,pen
0.7265625,74.19999993,0,0,0,0,0,0,77.25570679,486.8507996,11.10000002,pen
0.37890625,73.10000002,0.334777832,0,0.334777832,0.334777832,0,0.334777832,92.3218689,483.5027466,11.60000002,pen
0.698242188,161.1999999,-0.334777832,0,0.334777832,-0.334777832,0,0.334777832,95.33514404,456.3836365,11.5,pen
0.467773438,91.10000002,-0.33480835,0,0.33480835,-0.33480835,0,0.33480835,92.99151611,466.7625427,12,pen
0.530273438,110.1,0,0,0,0,0,0,99.68756104,477.14151,11.80000007,pen
0.642578125,88.89999998,-0.33480835,0.33480835,0.473490509,-0.33480835,0.33480835,0.473490509,105.7140503,475.1326599,15.60000002,pen
0.6171875,1021.8,0,-0.334747314,0.334747314,0,-0.334747314,0.334747314,128.4807739,453.3704224,13.20000005,pen
0.465820313,66.30000007,0,-0.33480835,0.33480835,0,-0.33480835,0.33480835,122.4542542,455.3792114,13,pen
0.541992188,96.5,-0.334838867,0,0.334838867,-0.334838867,0,0.334838867,123.1238403,468.1017761,13.79999995,pen
0.3125,74.30000007,-0.669616699,0,0.669616699,-0.669616699,0,0.669616699,125.1326904,474.4631042,11,pen
0.5859375,163,0,-0.33480835,0.33480835,0,-0.33480835,0.33480835,130.489563,455.3792114,13,pen
0.392578125,52.60000002,0,-0.334838867,0.334838867,0,-0.334838867,0.334838867,131.4939575,465.7581482,10.89999998,pen
0.65625,123,0,0,0,0,0,0,134.5071716,469.7757874,11.29999995,pen
0.512695313,65.29999995,-0.33480835,-0.334747314,0.473447352,-0.33480835,-0.334747314,0.473447352,137.5204163,476.4718933,11.10000002,pen
0.575195313,85.79999995,0,-0.33480835,0.33480835,0,-0.33480835,0.33480835,138.190033,483.8375549,11.70000005,pen
0.4375,149.4000001,-0.33480835,0.33480835,0.473490509,-0.33480835,0.33480835,0.473490509,147.2297363,483.1679688,13.10000002,pen
0.559570313,83.70000005,0.334838867,0,0.334838867,0.334838867,0,0.334838867,151.5822144,484.8420105,11.10000002,pen
0.233398438,3024.8,0,0.33480835,0.33480835,0,0.33480835,0.33480835,167.9876099,460.0664673,13.5999999,pen
0.512695313,180.1,0,0,0,0,0,0,171.3356323,479.8199158,10.89999998,pen
0.287109375,5319,0.334869385,0,0.334869385,0.334869385,0,0.334869385,187.40625,464.4189453,11.29999995,pen
0.3046875,158.4,0,-0.33480835,0.33480835,0,-0.33480835,0.33480835,186.0669861,473.4586487,11.19999993,pen
0.39453125,132.8,0,0.33480835,0.33480835,0,0.33480835,0.33480835,183.3885803,468.4365845,12.89999998,pen
0.178710938,111.6,-0.33480835,0,0.33480835,-0.33480835,0,0.33480835,189.7498474,480.8243103,11.30000007,pen
0.408203125,93.20000005,0,0,0,0,0,0,194.4371033,475.4674988,12.10000002,pen
0.6796875,158.8,0.334838867,0,0.334838867,0.334838867,0,0.334838867,217.2037964,457.7228699,11.10000002,pen
0.561523438,96.89999998,0,0,0,0,0,0,214.5253296,467.4321899,11.10000002,pen
0.412109375,79,0,0,0,0,0,0,223.8998413,467.7669983,11.19999993,pen
0.561523438,124.7,0,0.334777832,0.334777832,0,0.334777832,0.334777832,219.5474243,477.4762878,13.89999998,pen
0.586914063,73.9000001,-0.334747314,0,0.334747314,-0.334747314,0,0.334747314,219.8822327,486.1812134,13.20000005,pen
0.5703125,217.5,0,0.669616699,0.669616699,0,0.669616699,0.669616699,245.9969177,451.3615723,11.10000002,pen
0.649414063,132.1,0,0.334838867,0.334838867,0,0.334838867,0.334838867,237.9616394,457.7228699,11.10000002,pen
0.499023438,86.20000005,0,0.334747314,0.334747314,0,0.334747314,0.334747314,258.3846741,457.0532227,11.30000007,pen
0.4765625,116.1999999,0,0,0,0,0,0,235.6179504,465.7581482,11.69999993,pen
0.5546875,121.9,0,0,0,0,0,0,239.9704895,467.0973816,10.5999999,pen
0.251953125,137.1,0,0,0,0,0,0,243.318512,469.1061707,10.9000001,pen
0.194335938,84.5,0,0,0,0,0,0,243.9880676,470.1105957,11.19999993,pen
0.48828125,95.20000005,0,0,0,0,0,0,244.9925232,475.4674988,11.19999993,pen
0.439453125,384.9,-0.334777832,0,0.334777832,-0.334777832,0,0.334777832,247.3361511,477.8111267,13.89999998,pen
0.305664063,39.20000005,0,0,0,0,0,0,250.3493958,476.8066406,12.10000002,pen
0.477539063,11083.5,-0.334838867,0.33480835,0.473512088,-0.334838867,0.33480835,0.473512088,295.8827209,395.4493103,11.89999998,pen
0.262695313,141.9,-0.334777832,0,0.334777832,-0.334777832,0,0.334777832,293.539093,410.8503113,12.89999998,pen
0.28515625,1718.8,0,-0.334838867,0.334838867,0,-0.334838867,0.334838867,344.7641296,374.0218201,11.5,pen
0.196289063,233.9000001,0,0,0,0,0,0,340.0769348,381.3875427,11.10000002,pen
0.307617188,200.5999999,-0.334777832,1.004425049,1.058747314,-0.334777832,1.004425049,1.058747314,367.5307922,377.0350952,12.5,pen
0.336914063,134.7,0,0.334777832,0.334777832,0,0.334777832,0.334777832,377.5749207,378.3742981,11.9000001,pen
0.423828125,93,0,0.334838867,0.334838867,0,0.334838867,0.334838867,383.266571,378.0395203,16.29999995,pen
0.658203125,180.7,0,0.33480835,0.33480835,0,0.33480835,0.33480835,392.9758606,376.3654785,12.60000002,pen
0.533203125,124.8000001,0,0,0,0,0,0,387.6190491,383.7311707,11.29999995,pen
0.095703125,7294.6,0,-0.376159668,0.376159668,0,-0.376159668,0.376159668,339.1921692,407.9602661,11.39999998,pen
0.5078125,217.4,0,0.376159668,0.376159668,0,0.376159668,0.376159668,349.3484192,406.0794983,11.5,pen
0.127929688,42.79999995,0,0,0,0,0,0,357.2478333,407.584137,11.39999998,pen
0.434570313,123.6999999,0,0,0,0,0,0,342.2014465,416.611908,12.29999995,pen
0.370117188,149.1,0,0,0,0,0,0,344.4584045,419.6211853,13.29999995,pen
0.470703125,119.3,0,0,0,0,0,0,346.3391418,421.8781433,12.29999995,pen
0.33203125,132.5,0,0,0,0,0,0,347.4676208,427.896698,11.79999995,pen
0.434570313,95.20000005,0,0,0,0,0,0,345.2107239,433.1629028,11.89999998,pen
0.430664063,129.3000001,0,0,0,0,0,0,359.5047302,420.7497253,10.80000007,pen
0.526367188,118.5,0,0,0,0,0,0,365.1471252,418.8688965,11.39999998,pen
0.327148438,368.6999999,0,0,0,0,0,0,369.2848816,418.4927368,11.29999995,pen
0.372070313,94.80000007,0,0,0,0,0,0,370.4133606,419.6211853,10.70000005,pen
0.21875,128.5,-0.376098633,0,0.376098633,-0.376098633,0,0.376098633,377.1842346,424.5112915,12.29999995,pen
0.21875,171.4,-0.376098633,0,0.376098633,-0.376098633,0,0.376098633,375.3034973,436.92453,13.60000002,pen
0.545898438,465.9,-0.376159668,0,0.376159668,-0.376159668,0,0.376159668,404.2676697,413.226532,11,pen
0.575195313,120.5,0,0.376159668,0.376159668,0,0.376159668,0.376159668,393.3590393,420.3735352,11.20000005,pen
0.56640625,92,0.376159668,0,0.376159668,0.376159668,0,0.376159668,392.9828796,426.0159302,11.4000001,pen
0.420898438,148.6,0,0.376190186,0.376190186,0,0.376190186,0.376190186,421.1948547,410.9695435,11.39999998,pen
0.416992188,9793.6,-56.59393311,23.91290283,61.43858874,-56.59393311,23.91290283,61.43858874,438.2574768,413.271637,11.5,page
0.5859375,4418.9,0,0,0,0,0,0,73.98410034,21.8969574,10.5999999,pen
0.193359375,114.8,0,0,0,0,0,0,66.01312256,45.80987549,10.89999998,pen
0.5390625,154.9,0,0.797100067,0.797100067,0,0.797100067,0.797100067,84.34637451,35.4475975,11.79999995,pen
0.193359375,73.20000005,-0.797119141,0,0.797119141,-0.797119141,0,0.797119141,88.33184814,51.38953781,12.4000001,pen
0.392578125,129.2,0.797088623,0,0.797088623,0.797088623,0,0.797088623,89.92605591,32.25921249,11.5,pen
0.321289063,161,0.797088623,0,0.797088623,0.797088623,0,0.797088623,114.6360474,21.09985733,12.20000005,pen
0.580078125,93,0,0.797096252,0.797096252,0,0.797096252,0.797096252,124.2012329,23.49114037,13.10000002,pen
0.345703125,118.1,0.797119141,0,0.797119141,0.797119141,0,0.797119141,142.5344849,29.07082748,11.69999993,pen
0.349609375,89.19999993,0,0,0,0,0,0,159.2734985,33.05631638,11.29999995,pen
0.352539063,123,0.797119141,-0.797084808,1.127272423,0.797119141,-0.797084808,1.127272423,179.2009277,33.85341263,11.5,pen
0.3359375,60.29999995,0,0,0,0,0,0,193.5486755,54.57793045,11.79999995,pen
0.450195313,171.3000001,0,0.79709816,0.79709816,0,0.79709816,0.79709816,238.1860657,19.50565529,11.39999998,pen
0.153320313,39.79999995,0,0,0,0,0,0,237.3890076,31.46211243,12.0999999,pen
0.45703125,189.0999999,0,0,0,0,0,0,248.5483704,37.04180145,12,pen
0.465820313,116.9,0,-0.797084808,0.797084808,0,-0.797084808,0.797084808,246.9541931,49.79536057,11.60000002,pen
0.427734375,67.5,0,0,0,0,0,0,242.1716003,67.33148193,11.80000007,pen
0.396484375,99,0,0.797103882,0.797103882,0,0.797103882,0.797103882,265.287384,56.96923065,12.39999998,pen
0.255859375,139.8000001,0,0,0,0,0,0,236.5918884,76.09954834,11.29999995,pen
0.606445313,178,0,0,0,0,0,0,292.3887024,33.85341263,11.39999998,pen
0.149414063,33.10000002,-0.797058105,0,0.797058105,-0.797058105,0,0.797058105,313.9103699,37.83889771,12,pen
0.5390625,134.8,0.797058105,0.797100067,1.127240055,0.797058105,0.797100067,1.127240055,294.7799988,53.78084183,12.10000002,pen
0.736328125,88.89999998,0.797058105,0,0.797058105,0.797058105,0,0.797058105,294.7799988,71.31697083,11.39999998,pen
0.311523438,5537.9,1.796600342,-0.598831177,1.893771783,1.796600342,-0.598831177,1.893771783,82.69354248,151.8698578,12.4000001,pen
0.484375,69.5,-0.598846436,0,0.598846436,-0.598846436,0,0.598846436,72.51293945,159.0561371,11.5,pen
0.501953125,582.3,0,0,0,0,0,0,54.54721069,160.2538452,11.89999998,pen
0.325195313,386.9,0,0.598861694,0.598861694,0,0.598861694,0.598861694,53.34951782,187.2024384,11,pen
0.430664063,331.5,0,0.598876953,0.598876953,0,0.598876953,0.598876953,107.2466736,145.8812714,10.5999999,pen
0.375,96.39999998,0,0,0,0,0,0,125.2124329,143.4858246,11.29999995,pen
0.595703125,115.9,0.598876953,0,0.598876953,0.598876953,0,0.598876953,139.585022,157.2595673,11.89999998,pen
0.421875,106.3,0,0,0,0,0,0,143.1781311,146.4801178,11,pen
0.434570313,89.39999998,0,0,0,0,0,0,158.1495972,142.2881165,10.69999993,pen
0.526367188,106.2,0,0.598846436,0.598846436,0,0.598846436,0.598846436,165.9347534,143.4858246,11.30000007,pen
0.4921875,76.89999998,-0.598876953,0,0.598876953,-0.598876953,0,0.598876953,172.5221558,144.0847015,11.80000007,pen
0.497070313,150.8000001,-0.598876953,0,0.598876953,-0.598876953,0,0.598876953,177.3130493,178.2195892,11.79999995,pen
0.658203125,112.8000001,0,0,0,0,0,0,201.267334,154.2652588,11.5,pen
0.3046875,75.79999995,0,0.598876953,0.598876953,0,0.598876953,0.598876953,209.0524902,153.0675659,11,pen
0.586914063,122.5,0,0,0,0,0,0,221.6285706,156.6606903,11.29999995,pen
0.181640625,45.29999995,0,0,0,0,0,0,224.6228638,177.0218811,11.0999999,pen
0.354492188,690.6999999,0,0.598876953,0.598876953,0,0.598876953,0.598876953,260.5542908,150.073288,10.69999993,pen
0.3828125,113.3,0,0.598876953,0.598876953,0,0.598876953,0.598876953,268.339386,156.0618591,11.60000002,pen
0.505859375,109.2,0.598876953,0,0.598876953,0.598876953,0,0.598876953,247.379425,165.0447235,14.39999998,pen
0.50390625,134.1999999,0,0,0,0,0,0,282.7120056,154.8641357,12.39999998,pen
0.586914063,96.89999998,0,0,0,0,0,0,280.9154358,173.4287109,11,pen
0.3984375,77.80000007,0,0,0,0,0,0,283.3108826,186.0047455,11,pen
0.265625,131.9,0,0,0,0,0,0,321.6377258,159.6549835,11.10000002,pen
0.47265625,132,0,0,0,0,0,0,352.7783508,148.8755493,10.70000005,pen
0.403320313,82.39999998,0,0,0,0,0,0,353.3772278,155.4629822,11.5,pen
0.602539063,36.89999998,0,0,0,0,0,0,355.1737976,165.6435699,11.30000007,pen
0.073242188,29.20000005,0.598815918,-1.19770813,1.339061338,0.598815918,-1.19770813,1.339061338,347.9875183,178.8184509,12.0999999,pen
0.458984375,110.3000001,-0.598754883,0,0.598754883,-0.598754883,0,0.598754883,380.3258972,162.0504456,11.20000005,pen
0.296875,76,0.598815918,0,0.598815918,0.598815918,0,0.598815918,362.9589539,156.0618591,11.29999995,pen
0.305664063,3088.1,0,0,0,0,0,0,412.6641541,141.0904236,11.5,pen
0.416992188,271,0,0,0,0,0,0,442.6070251,156.0618591,11.79999995,pen
0.734375,205.3,0,0,0,0,0,0,466.5613098,145.8812714,12.29999995,pen
0.307617188,3038,0,0,0,0,0,0,488.1202087,159.0561371,11.0999999,pen
0.55078125,90.0999999,0,0,0,0,0,0,504.2893372,147.6778412,11.79999995,pen
0.243164063,33,-1.197692871,-0.598831177,1.339054514,-1.197692871,-0.598831177,1.339054514,506.684845,162.0504456,11.5,pen
0.342773438,246.8,0,1.19770813,1.19770813,0,1.19770813,1.19770813,543.8139954,136.2995453,11.29999995,pen
0.173828125,11431.3,0,0.598846436,0.598846436,0,0.598846436,0.598846436,121.6192932,224.3316193,13.30000007,pen
0.325195313,128.1999999,0,0,0,0,0,0,129.4043884,215.3487549,12.5,pen
0.293945313,126.3,0,0.598846436,0.598846436,0,0.598846436,0.598846436,116.2295532,232.7156219,12.79999995,pen
0.4140625,196.4,0,0,0,0,0,0,131.2009888,236.9076385,10.89999998,pen
0.470703125,105.8,0.598815918,0,0.598815918,0.598815918,0,0.598815918,129.4043884,255.472229,11.60000002,pen
0.517578125,174.9,-0.598815918,0.598861694,0.846885962,-0.598815918,0.598861694,0.846885962,171.9233398,218.3430481,11.30000007,pen
0.291992188,76.79999995,-0.598815918,0,0.598815918,-0.598815918,0,0.598815918,167.7313538,233.3144989,11.70000005,pen
0.620117188,121,0.598876953,0,0.598876953,0.598876953,0,0.598876953,182.7027893,215.3487549,11.80000007,pen
0.34765625,84.69999993,0.598815918,0,0.598815918,0.598815918,0,0.598815918,172.5221558,229.721344,10.89999998,pen
0.307617188,89,0,0,0,0,0,0,174.3187561,233.3144989,12.29999995,pen
0.234375,110.5999999,0,0,0,0,0,0,186.8947754,230.9190674,13.29999995,pen
0.5078125,138.2,0,0,0,0,0,0,167.1324768,259.6642456,11.29999995,pen
0.474609375,233.4,0,0,0,0,0,0,204.2616272,222.5350647,10.80000007,pen
0.609375,112.9,0,0,0,0,0,0,205.4593811,224.3316193,10.80000007,pen
0.50390625,183.5,0,0,0,0,0,0,240.1931458,230.3202209,11.30000007,pen
0.61328125,221.0999999,-0.598876953,0,0.598876953,-0.598876953,0,0.598876953,262.9497375,220.1396027,11.20000005,pen
0.430664063,85.5,0,0.598861694,0.598861694,0,0.598861694,0.598861694,267.1416931,229.721344,11.69999993,pen
0.588867188,108.4,-0.598876953,0,0.598876953,-0.598876953,0,0.598876953,261.1531067,236.9076385,11.0999999,pen
0.44140625,80.4000001,-0.598876953,0,0.598876953,-0.598876953,0,0.598876953,269.5371399,237.5065002,12.60000002,pen
0.524414063,132.0999999,0,0,0,0,0,0,250.3736877,255.472229,12.20000005,pen
0.46875,114.3,0,0,0,0,0,0,268.339386,233.3144989,11,pen
0.495117188,172.5,0,0,0,0,0,0,304.8697205,210.5579071,13.79999995,pen
0.7109375,90.89999998,0,0,0,0,0,0,300.0788879,255.472229,10.79999995,pen
0.700195313,192,0,0.598846436,0.598846436,0,0.598846436,0.598846436,329.4229431,209.3601837,11.19999993,pen
0.359375,88,0,0.598846436,0.598846436,0,0.598846436,0.598846436,321.0389099,265.6528015,11.10000002,pen
0.178710938,4032.4,0,0,0,0,0,0,367.7497864,234.512207,11.89999998,pen
0.309570313,231.1999999,-0.598815918,0,0.598815918,-0.598815918,0,0.598815918,418.6527405,219.5407715,13.29999995,pen
0.200195313,88.69999993,0,0,0,0,0,0,406.6755676,237.5065002,11,pen
0.490234375,124,0,0,0,0,0,0,427.6355896,218.3430481,11,pen
0.4375,101.6999999,0,0,0,0,0,0,414.4607239,234.512207,11.39999998,pen
0.171875,35.5,-0.598815918,-0.598876953,0.846896752,-0.598815918,-0.598876953,0.846896752,427.6355896,236.3087616,11,pen
0.368164063,122.1999999,-0.598815918,1.19770813,1.339061338,-0.598815918,1.19770813,1.339061338,432.4264832,235.7099152,24.0999999,pen
0.4375,89.5,-1.197692871,0,1.197692871,-1.197692871,0,1.197692871,410.2687073,266.2516785,18.69999993,pen
0.4609375,190.2,0,0,0,0,0,0,463.5670471,272.2402344,11.4000001,pen
0.418945313,2371,0,0,0,0,0,0,506.085968,255.472229,10.89999998,pen
0.3046875,1002.7,0,0,0,0,0,0,610.8860168,228.5236359,11.39999998,pen
0.155273438,217.4,-0.598815918,0,0.598815918,-0.598815918,0,0.598815918,633.0438538,232.1167755,10.80000007,pen
0.1875,95.70000005,0,0.598846436,0.598846436,0,0.598846436,0.598846436,627.6540833,244.0939178,10.70000005,pen
0.490234375,116.5,0,0,0,0,0,0,645.0210266,228.5236359,12.10000002,pen
0.477539063,90.89999998,0.598815918,0,0.598815918,0.598815918,0,0.598815918,634.2414856,241.0996399,11.89999998,pen
0.192382813,90.5999999,-0.598815918,0,0.598815918,-0.598815918,0,0.598815918,640.230072,247.6870575,12.29999995,pen
0.484375,103.6,-0.598937988,0,0.598937988,-0.598937988,0,0.598937988,648.6140442,247.0882111,13.20000005,pen
0.575195313,107.1,0,-0.598846436,0.598846436,0,-0.598846436,0.598846436,628.8517761,270.4436951,12.29999995,pen
0.291992188,2453.5,0,0,0,0,0,0,687.5398254,247.0882111,10.60000002,pen
0.26953125,93,0,0,0,0,0,0,701.3135681,251.2802429,11.30000007,pen
0.15625,60,0,0,0,0,0,0,718.6804504,245.8905334,11.60000002,pen
0.291992188,8361.2,0,0,0,0,0,0,615.0781555,299.7877197,10.60000002,pen
0.28515625,195.4,0,0,0,0,0,0,645.0210266,296.7934265,12.29999995,pen
0.34375,107.8,0,0,0,0,0,0,639.6312561,307.5728455,11.39999998,pen
0.530273438,137.5999999,0,0,0,0,0,0,668.9753113,304.5785828,11.5,pen
0.333984375,48.29999995,-0.598815918,0.598846436,0.846875172,-0.598815918,0.598846436,0.846875172,667.1787415,318.9511719,16.4000001,pen
0.396484375,135.8,-0.598815918,0,0.598815918,-0.598815918,0,0.598815918,694.7261658,298.5899963,13.30000007,pen
0.448242188,101.5,0,0.598876953,0.598876953,0,0.598876953,0.598876953,698.9181824,311.7648621,11.70000005,pen
0.078125,739.6,0,0,0,0,0,0,719.8782043,302.7820129,10.79999995,pen
0.356445313,202.8000001,0,-0.598876953,0.598876953,0,-0.598876953,0.598876953,744.431366,306.3751221,11.79999995,pen
0.211914063,88,-0.598999023,0,0.598999023,-0.598999023,0,0.598999023,753.4141541,294.9968262,10.79999995,pen
0.4921875,426.9000001,0,0.598846436,0.598846436,0,0.598846436,0.598846436,787.5491638,292.002533,11.20000005,pen
0.533203125,81.20000005,0,0.598876953,0.598876953,0,0.598876953,0.598876953,777.9673767,303.9797058,16.4000001,pen
0.06640625,2968,0,0,0,0,0,0,807.3114929,303.9797058,11.5,pen
0.271484375,122.7,0,0,0,0,0,0,819.2885437,301.5842896,12.29999995,pen
0.3828125,113.4,0,0,0,0,0,0,822.2828064,309.3694153,10.89999998,pen
0.415039063,168.8000001,0,0,0,0,0,0,836.6554871,310.5671387,10.70000005,pen
0.133789063,95.60000002,-0.598876953,0,0.598876953,-0.598876953,0,0.598876953,851.0280457,305.1774292,11.10000002,pen
0.455078125,106.2,-0.598876953,0.598815918,0.846896752,-0.598876953,0.598815918,0.846896752,858.8132019,303.3808289,13.10000002,pen
0.4609375,85.9000001,0,0,0,0,0,0,850.4291687,328.5328674,12.69999993,pen
0.283203125,143.2,0,0,0,0,0,0,841.4462585,302.183136,12,pen
0.330078125,803.5,-0.598937988,0,0.598937988,-0.598937988,0,0.598937988,721.6747131,345.3009338,12.4000001,pen
0.5078125,165.4,-0.598937988,0,0.598937988,-0.598937988,0,0.598937988,736.0472717,344.1031799,11.70000005,pen
0.467773438,83.89999998,0,0,0,0,0,0,736.0472717,345.3009338,11.10000002,pen
0.290039063,159.9,0,-0.598846436,0.598846436,0,-0.598846436,0.598846436,756.4085388,354.283783,11.29999995,pen
0.4609375,208.8000001,0,0,0,0,0,0,775.571991,346.4986267,11.89999998,pen
0.233398438,72.10000002,0,-0.598846436,0.598846436,0,-0.598846436,0.598846436,777.9673767,351.8883362,13.60000002,pen
0.55078125,108.7,0,0,0,0,0,0,777.3684998,358.475769,11.20000005,pen
0.333984375,115.3,0,0,0,0,0,0,779.7640076,360.8711853,11.69999993,pen
0.416992188,92.80000007,0,0,0,0,0,0,762.3970642,371.6506348,10.89999998,pen
0.385742188,90.9000001,-0.598999023,0,0.598999023,-0.598999023,0,0.598999023,783.3570251,352.4871826,11,pen
0.41015625,153.7,0.598876953,0,0.598876953,0.598876953,0,0.598876953,813.8988953,347.0974731,11.0999999,pen
0.4375,10395.3,2.117584229,0.604980469,2.202308864,2.117584229,0.604980469,2.202308864,63.77474976,365.4658813,13.60000002,pen
0.25390625,193.8000001,-0.302490234,0,0.302490234,-0.302490234,0,0.302490234,77.69012451,365.7684021,11.70000005,pen
0.526367188,191,-0.302490234,0,0.302490234,-0.302490234,0,0.302490234,91.30303955,364.8609009,11.70000005,pen
0.743164063,151,0,0,0,0,0,0,104.9159241,365.4658813,12.20000005,pen
0.291992188,1411.9,0,0,0,0,0,0,136.981842,364.5583496,11.89999998,pen
0.436523438,280.2,0,0,0,0,0,0,153.3172913,366.3734131,11.80000007,pen
0.474609375,76.89999998,0,-0.302490234,0.302490234,0,-0.302490234,0.302490234,153.014801,367.8859558,10.79999995,pen
0.4296875,168.1,0,0,0,0,0,0,153.3172913,373.6336365,11.5,pen
0.307617188,67.69999993,0,0.302520752,0.302520752,0,0.302520752,0.302520752,151.8047791,379.6838074,13.19999993,pen
0.321289063,1913.6,0,0,0,0,0,0,211.3989868,369.7010193,10.89999998,pen
0.372070313,93.19999993,0,0,0,0,0,0,210.1889648,376.6586914,10.69999993,pen
0.490234375,98.5,0,0,0,0,0,0,210.1889648,388.1540222,12.19999993,pen
0.267578125,94.89999998,-0.302490234,0.30255127,0.427828952,-0.302490234,0.30255127,0.427828952,226.5244141,363.3483582,12.5,pen
0.198242188,48.89999998,0,0,0,0,0,0,231.6670227,363.3483582,12.70000005,pen
0.580078125,163.5,0,0,0,0,0,0,227.4319458,381.1963501,11.89999998,pen
0.606445313,126.7,0,0,0,0,0,0,226.8269043,383.9189148,11.30000007,pen
0.4375,90.70000005,0,0,0,0,0,0,228.9444885,390.5741272,12.19999993,pen
0.5625,169.6999999,-0.302429199,-0.302520752,0.427764218,-0.302429199,-0.302520752,0.427764218,244.372467,375.1461792,12.79999995,pen
0.453125,75.80000007,0,0,0,0,0,0,246.1874695,387.246521,11.20000005,pen
0.22265625,162.4000001,0,0,0,0,0,0,262.5229797,369.0960083,10.79999995,pen
0.48828125,109.9,0,0,0,0,0,0,274.01828,366.9784241,10.79999995,pen
0.577148438,189.4,0,0,0,0,0,0,277.648407,375.1461792,12.20000005,pen
0.423828125,90.20000005,0,0.302490234,0.302490234,0,0.302490234,0.302490234,278.2533875,389.3640747,13,pen
0.283203125,1392.4,0,0,0,0,0,0,315.1594543,371.818573,10.79999995,pen
0.255859375,59.60000002,0,0,0,0,0,0,305.7817078,380.8938293,11.10000002,pen
0.611328125,144.6,0,0,0,0,0,0,314.2519226,376.6586914,11.20000005,pen
0.359375,104.4,-0.302490234,0,0.302490234,-0.302490234,0,0.302490234,308.8067932,384.8264465,12,pen
0.493164063,172,0,0,0,0,0,0,325.4447327,366.0708923,12.29999995,pen
0.655273438,114.9000001,0,-0.302490234,0.302490234,0,-0.302490234,0.302490234,320.907135,373.0286255,12.5,pen
0.3046875,75,0,0.302490234,0.302490234,0,0.302490234,0.302490234,322.7221985,373.9361267,12.19999993,pen
0.479492188,109.5,-0.302490234,0,0.302490234,-0.302490234,0,0.302490234,330.8899231,374.5411377,11.29999995,pen
0.740234375,112.1,0,-0.302490234,0.302490234,0,-0.302490234,0.302490234,318.7895813,383.6164246,11.4000001,pen
0.340820313,84.29999995,0,-0.302490234,0.302490234,0,-0.302490234,0.302490234,319.697052,389.9690857,11.60000002,pen
0.383789063,107.5,0,-0.302490234,0.302490234,0,-0.302490234,0.302490234,329.3773499,383.6164246,11.60000002,pen
0.470703125,720.2,0,0,0,0,0,0,354.4856262,374.5411377,11.70000005,pen
0.5234375,120.3,-0.302490234,0,0.302490234,-0.302490234,0,0.302490234,365.6784363,373.9361267,12,pen
0.267578125,46.69999993,0,0,0,0,0,0,351.4604797,384.2214355,11.39999998,pen
0.465820313,97.39999998,0,0.302520752,0.302520752,0,0.302520752,0.302520752,361.4432678,381.1963501,11.69999993,pen
0.59375,109.4,0,-0.302490234,0.302490234,0,-0.302490234,0.302490234,356.3006897,399.6493835,11.79999995,pen
0.138671875,31595.5,-0.302490234,0,0.302490234,-0.302490234,0,0.302490234,213.2442017,408.2472229,11.60000002,pen
0.415039063,180.8000001,0,0,0,0,0,0,219.8994141,407.3396606,10.60000002,pen
0.443359375,162.5999999,0.302520752,0,0.302520752,0.302520752,0,0.302520752,225.6470642,409.7597656,11.39999998,pen
0.3046875,94.5999999,0,0,0,0,0,0,232.3022766,420.0450134,10.70000005,pen
0.44140625,135,0,0,0,0,0,0,237.4449158,408.2472229,12.0999999,pen
0.283203125,438.9,0,0,0,0,0,0,256.20047,421.2550964,11.80000007,pen
0.453125,291.4,0,0,0,0,0,0,270.1158142,413.6923828,12.10000002,pen
0.34765625,74.79999995,0,0,0,0,0,0,270.7208557,421.2550964,11.29999995,pen
0.46875,162.5999999,0.302490234,0,0.302490234,0.302490234,0,0.302490234,284.3337708,413.0873718,10.89999998,pen
0.56640625,98.4000001,0,0,0,0,0,0,281.3086853,419.1375122,12.20000005,pen
0.483398438,191.5,0,0.302520752,0.302520752,0,0.302520752,0.302520752,299.7617493,415.5074158,12.5,pen
0.352539063,80.30000007,0,-0.302490234,0.302490234,0,-0.302490234,0.302490234,302.4842834,426.7002563,12.30000007,pen
0.483398438,1500.8,0,0,0,0,0,0,328.5000305,420.0450134,12,pen
0.416992188,218.3000001,0,0,0,0,0,0,354.8182678,422.1625977,10.89999998,pen
0.53515625,551.6,0.302429199,0,0.302429199,0.302429199,0,0.302429199,370.8512268,416.1124573,12.80000007,pen
0.481445313,119.4,0,0.302490234,0.302490234,0,0.302490234,0.302490234,375.993927,414.9024048,11.39999998,pen
0.418945313,146.3,0,0,0,0,0,0,386.2791443,417.625,11.10000002,pen
0.602539063,99.70000005,0,-0.30255127,0.30255127,0,-0.30255127,0.30255127,384.1616516,426.0952148,11.39999998,pen
0.48828125,77.10000002,0,0,0,0,0,0,388.6992493,436.0780334,11,pen
0.703125,288.5,0,-0.302490234,0.302490234,0,-0.302490234,0.302490234,408.3623352,425.7927246,12.60000002,pen
0.514648438,340.8,0,0,0,0,0,0,420.462677,420.0450134,10.60000002,pen
0.514648438,95.4000001,0,0,0,0,0,0,420.7651672,428.2127991,11.10000002,pen
0.501953125,361.6,0.302490234,0,0.302490234,0.302490234,0,0.302490234,433.1679993,423.9776306,10.79999995,pen
0.618164063,89.30000007,0,0,0,0,0,0,438.0081482,418.2299805,11,pen
0.4609375,171.7,0,0.302490234,0.302490234,0,0.302490234,0.302490234,450.10849,416.7174377,11,pen
0.604492188,95.20000005,0,0,0,0,0,0,448.898468,419.1375122,11.89999998,pen
0.2265625,3423.9,-0.302520752,0,0.302520752,-0.302520752,0,0.302520752,52.30957031,415.5074158,10.60000002,pen
0.375,157.7,-0.30255127,0.302520752,0.42785053,-0.30255127,0.302520752,0.42785053,64.40991211,413.6923828,11.20000005,pen
0.358398438,787.4,0,0,0,0,0,0,80.74542236,411.2722778,11.5999999,pen
0.493164063,132.3,0,-0.302490234,0.302490234,0,-0.302490234,0.302490234,93.14825439,413.6923828,11,pen
0.251953125,3402,0.302490234,-0.30255127,0.427828952,0.302490234,-0.30255127,0.427828952,141.8521423,411.8772888,13.60000002,pen
0.620117188,189.6999999,0,0,0,0,0,0,146.6922913,408.5497131,11.10000002,pen
0.375,83.19999993,0,0,0,0,0,0,147.9023438,410.6672974,11.5,pen
0.655273438,109.5,0,-0.30255127,0.30255127,0,-0.30255127,0.30255127,148.8098755,418.2299805,13.79999995,pen
0.383789063,56.89999998,-0.302459717,0.302520752,0.427785794,-0.302459717,0.302520752,0.427785794,149.1123962,423.3726501,13.30000007,pen
0.208984375,3346.6,-0.30255127,-0.605010986,0.676443319,-0.30255127,-0.605010986,0.676443319,224.4370117,443.3381958,12.10000002,pen
0.446289063,766.0999999,0,0,0,0,0,0,315.1896667,437.8930664,11.10000002,pen
0.505859375,132,0,0,0,0,0,0,317.9122009,440.3131409,10.69999993,pen
0.708984375,145.0999999,0,-0.302490234,0.302490234,0,-0.302490234,0.302490234,307.3244324,445.7583008,11.60000002,pen
0.233398438,10219.1,0,0,0,0,0,0,432.2419128,398.4266663,10.79999995,pen
0.05078125,381.2,0.393371582,-0.393371582,0.556311426,0.393371582,-0.393371582,0.556311426,495.1820984,363.0227966,18.10000002,pen
0.302734375,539.2,-0.393371582,0,0.393371582,-0.393371582,0,0.393371582,497.1489563,363.0227966,11.89999998,pen
0.396484375,167.4,0,0.393371582,0.393371582,0,0.393371582,0.393371582,491.2483215,369.7101746,11.5,pen
0.499023438,123.1,0,0,0,0,0,0,498.3291321,369.316803,10.5,pen
0.595703125,80.5,0,0,0,0,0,0,496.7556458,378.3644714,10.89999998,pen
0.508789063,112,0,0.393371582,0.393371582,0,0.393371582,0.393371582,504.2297668,365.7764282,12.4000001,pen
0.477539063,131.5999999,0,0,0,0,0,0,512.8840637,364.2029419,11.89999998,pen
0.5625,71.60000002,0,0,0,0,0,0,519.9648743,364.596283,11.30000007,pen
0.577148438,109,0,0.393371582,0.393371582,0,0.393371582,0.393371582,528.2256775,365.7764282,11.39999998,pen
0.361328125,104.2,0,0,0,0,0,0,535.6999207,367.7433167,11,pen
0.37890625,134.9,0.393554688,0,0.393554688,0.393554688,0,0.393554688,541.6006165,368.9234314,11.10000002,pen
0.479492188,51.39999998,0,0,0,0,0,0,546.3210144,381.118103,12.30000007,pen
0.293945313,369.6,-0.393432617,0,0.393432617,-0.393432617,0,0.393432617,492.0350647,394.886261,11.80000007,pen
0.08984375,41,-0.393371582,-0.3934021,0.556333006,-0.393371582,-0.3934021,0.556333006,497.9357605,401.5736389,10.79999995,pen
0.69140625,124.8000001,0,0,0,0,0,0,481.8073425,403.9338989,11.39999998,pen
0.684570313,104.0999999,-0.393432617,0,0.393432617,-0.393432617,0,0.393432617,511.7038879,403.5405273,10.60000002,pen
0.19140625,44.60000002,0,0,0,0,0,0,517.6045227,404.7206726,11.29999995,pen
0.2890625,97.5,0,0,0,0,0,0,519.5713806,398.8200378,10.79999995,pen
0.452148438,93.70000005,-0.393432617,0,0.393432617,-0.393432617,0,0.393432617,527.4389343,399.606781,11.20000005,pen
0.4296875,59.20000005,0.393371582,0,0.393371582,0.393371582,0,0.393371582,530.1925964,404.327301,10.89999998,pen
0.51953125,89.60000002,0,0,0,0,0,0,528.6190491,416.1285706,12.4000001,pen
0.546875,88,0,0,0,0,0,0,524.2919617,427.1431274,11,pen
0.602539063,260.1,-0.393371582,0,0.393371582,-0.393371582,0,0.393371582,552.6150208,402.3604126,11.4000001,pen
0.430664063,100.9000001,0,-0.393432617,0.393432617,0,-0.393432617,0.393432617,577.7910461,402.7537537,11.79999995,pen
0.4921875,74.30000007,0,0,0,0,0,0,570.3169861,415.735199,10.89999998,pen
0.626953125,508.0999999,0.393432617,0.393371582,0.556354586,0.393432617,0.393371582,0.556354586,586.8387756,404.7206726,10.79999995,pen
0.448242188,134.6,0,0,0,0,0,0,583.2983704,407.8676758,11.89999998,pen
0.611328125,140.6,0,0,0,0,0,0,583.691803,417.3086853,11.39999998,pen
0.443359375,78.89999998,0,0,0,0,0,0,584.8718567,424.7828064,11.10000002,pen
0.5703125,95.5,0.393310547,-0.3934021,0.556289851,0.393310547,-0.3934021,0.556289851,583.2983704,436.9775085,11.70000005,pen
0.196289063,784.1999999,0,0.393432617,0.393432617,0,0.393432617,0.393432617,610.8346863,444.0583191,11,pen
0.3125,2085.8,0,0,0,0,0,0,497.5423279,442.4847717,11.79999995,pen
0.358398438,141.1,0,0,0,0,0,0,499.5092468,445.2383728,11.10000002,pen
0.380859375,124.1,0,0,0,0,0,0,500.296051,453.4993286,11.39999998,pen
0.22265625,131.3000001,0,0,0,0,0,0,507.3767395,439.337738,11.5,pen
0.1875,156.6,0,0,0,0,0,0,496.3622742,457.8264771,10.5,pen
0.41015625,149.8,0.393371582,0,0.393371582,0.393371582,0,0.393371582,526.6521912,451.5324402,13.30000007,pen
0.4609375,95.29999995,0,0,0,0,0,0,521.9317322,448.3854065,11.89999998,pen
0.423828125,101.3000001,0,-0.393432617,0.393432617,0,-0.393432617,0.393432617,516.424408,464.1204529,12,pen
0.186523438,949.3,0,0,0,0,0,0,553.7951355,444.8450317,11.79999995,pen
0.307617188,110.8000001,0,0,0,0,0,0,552.2217102,443.6648865,12.10000002,pen
0.592773438,151.1999999,0,0,0,0,0,0,555.7619934,449.9589539,10.60000002,pen
0.181640625,74.10000002,0,0,0,0,0,0,556.155365,454.6794128,11.29999995,pen
0.51953125,124,0,0,0,0,0,0,544.3540955,462.9403381,11,pen
0.262695313,163,0.393371582,-0.393371582,0.556311426,0.393371582,-0.393371582,0.556311426,549.0746155,462.5469666,11.30000007,pen
0.436523438,103.8000001,0,0,0,0,0,0,551.8283386,466.874115,11.30000007,pen
0.1015625,36.60000002,-0.393249512,0,0.393249512,-0.393249512,0,0.393249512,555.3687439,471.594635,11.89999998,pen
0.182617188,33.5,0,0,0,0,0,0,547.1078186,481.4290161,10.70000005,pen
0.290039063,98.70000005,-0.393310547,0,0.393310547,-0.393310547,0,0.393310547,559.6958313,462.5469666,11.70000005,pen
0.302734375,143.6999999,0,0,0,0,0,0,564.0228577,465.3005981,11.5,pen
0.22265625,125.1999999,0,-0.393341064,0.393341064,0,-0.393341064,0.393341064,562.0560608,471.9880066,11.69999993,pen
0.293945313,779.3,0,0,0,0,0,0,582.5116272,454.6794128,11,pen
0.4140625,125.6999999,0,0,0,0,0,0,582.9050598,460.9734497,10.70000005,pen
0.192382813,100,-0.393371582,0,0.393371582,-0.393371582,0,0.393371582,578.971283,471.2012329,11.60000002,pen
0.291992188,105.1,0,0,0,0,0,0,586.8387756,463.7271118,12.20000005,pen
0.245117188,129.5999999,0,0,0,0,0,0,584.8718567,472.7747192,10.70000005,pen
0.072265625,965,0,0,0,0,0,0,604.9339905,459.0065613,11.5,pen
0.240234375,251.6,0,0,0,0,0,0,599.8200989,464.9072266,10.69999993,pen
0.150390625,113.3000001,0,-0.393310547,0.393310547,0,-0.393310547,0.393310547,598.6400452,465.6940002,10.60000002,pen
0.171875,79.20000005,-0.393493652,0,0.393493652,-0.393493652,0,0.393493652,600.2134705,473.5615234,13.0999999,pen
0.12109375,37.79999995,-0.393371582,0.393432617,0.556354586,-0.393371582,0.393432617,0.556354586,602.9671936,475.5284119,10.69999993,pen
0.390625,94.79999995,0,0.393371582,0.393371582,0,0.393371582,0.393371582,607.6877136,475.9217834,11.5,pen
0.358398438,142.5,0,0,0,0,0,0,596.2798157,486.5428772,10.70000005,pen
0.16015625,19012.4,0,0.393371582,0.393371582,0,0.393371582,0.393371582,126.1952515,459.0065613,11.5,pen
0.359375,137.1999999,0,-0.393371582,0.393371582,0,-0.393371582,0.393371582,133.2760315,462.5469666,12,pen
0.227539063,235.3,-0.393371582,0,0.393371582,-0.393371582,0,0.393371582,143.1104431,457.8264771,11.5999999,pen
0.3359375,88.39999998,-0.393341064,0,0.393341064,-0.393341064,0,0.393341064,143.5038147,459.3999634,11.79999995,pen
0.342773438,147.6,0,0,0,0,0,0,142.3236694,466.4807129,12.9000001,pen
0.359375,80.20000005,-0.393371582,0,0.393371582,-0.393371582,0,0.393371582,140.7501831,474.7416077,10.5,pen
0.251953125,341.5999999,0,0,0,0,0,0,156.0918579,462.1535645,11.70000005,pen
0.181640625,78.19999993,0,0,0,0,0,0,156.485199,464.5138855,11.29999995,pen
0.173828125,53.10000002,0,0.3934021,0.3934021,0,0.3934021,0.3934021,158.0586853,473.5615234,10.60000002,pen
0.185546875,151,0,0.393371582,0.393371582,0,0.393371582,0.393371582,158.84552,458.6131897,11.79999995,pen
0.430664063,1030.5,0,0,0,0,0,0,174.1871033,459.7933655,11.5,pen
0.1796875,81.70000005,0,-0.393341064,0.393341064,0,-0.393341064,0.393341064,173.007019,463.7271118,11.80000007,pen
0.234375,167.6999999,0.3934021,0,0.3934021,0.3934021,0,0.3934021,172.613678,470.4144592,11,pen
0.215820313,79.60000002,0,0,0,0,0,0,173.7937622,474.3482361,11.5,pen
0.3515625,64.10000002,0,0,0,0,0,0,174.1871033,478.2820435,11,pen
0.3515625,2860.7,-0.3934021,-0.393371582,0.556333006,-0.3934021,-0.393371582,0.556333006,217.8518982,467.2674866,13.89999998,pen
0.338867188,93.4000001,0.3934021,0,0.3934021,0.3934021,0,0.3934021,220.9989319,477.1018677,11.20000005,pen
0.342773438,148.3,0,0,0,0,0,0,233.5869446,468.8409729,11.60000002,pen
0.375,107.1,0.393371582,0,0.393371582,0.393371582,0,0.393371582,232.4068298,476.7084961,11.39999998,pen
0.423828125,145.4,0,0,0,0,0,0,253.6491394,470.8078613,11.79999995,pen
0.439453125,98.60000002,0,0,0,0,0,0,258.3696594,479.4621582,11.89999998,pen
0.30078125,357.1,0,0,0,0,0,0,286.2993469,467.2674866,10.70000005,pen
0.365234375,89.79999995,0,0,0,0,0,0,280.3987122,475.5284119,11.9000001,pen
0.389648438,103.5,0,0,0,0,0,0,274.8913879,485.7561646,12,pen
0.328125,79.30000007,0,0,0,0,0,0,276.4649353,488.9031372,11.5,pen
0.130859375,26.39999998,0,0,0,0,0,0,276.4649353,494.0170593,11.39999998,pen
0.514648438,176,0.393371582,0,0.393371582,0.393371582,0,0.393371582,295.3470154,463.7271118,10.89999998,pen
0.200195313,81,0,0,0,0,0,0,291.4132385,470.8078613,11.70000005,pen
0.172851563,58.29999995,-0.786743164,0,0.786743164,-0.786743164,0,0.786743164,296.1337585,471.2012329,12.10000002,pen
0.42578125,109.6999999,0,0.393371582,0.393371582,0,0.393371582,0.393371582,301.6410217,471.2012329,11.9000001,pen
0.368164063,127.3,0,0,0,0,0,0,286.6927185,483.3959045,11.79999995,pen
0.318359375,93.39999998,-0.393432617,0,0.393432617,-0.393432617,0,0.393432617,289.4463196,489.2966003,11.0999999,pen
0.28515625,59.39999998,0,0,0,0,0,0,298.1006165,483.7892761,11,pen
0.162109375,380,0,0,0,0,0,0,323.2767029,472.3813477,11.10000002,pen
0.262695313,114.0999999,0,0,0,0,0,0,336.6515198,468.8409729,11.20000005,pen
0.3359375,69.70000005,0,0,0,0,0,0,322.0965881,479.8554688,11.0999999,pen
0.540039063,113,0,0,0,0,0,0,323.2767029,491.2634277,11,pen
0.283203125,3165.6,-0.3934021,0,0.3934021,-0.3934021,0,0.3934021,208.0174866,504.244812,11.30000007,pen
0.47265625,115.9,-0.393371582,0,0.393371582,-0.393371582,0,0.393371582,201.7234802,523.9136353,11.10000002,pen
0.390625,1317.9,0,0,0,0,0,0,219.0320435,550.2698364,10.80000007,pen
0.493164063,94.79999995,0,0,0,0,0,0,227.2929077,549.4830933,11.29999995,pen
0.548828125,167.5,0,0,0,0,0,0,240.6677551,551.0565796,10.5,pen
0.734375,95.5,0,0,0,0,0,0,239.0942688,560.4976196,12.4000001,pen
0.262695313,79.10000002,-0.393371582,0.393371582,0.556311426,-0.393371582,0.393371582,0.556311426,244.2080994,569.1518555,11.29999995,pen
0.432617188,261.7,0.393310547,0,0.393310547,0.393310547,0,0.393310547,267.4172668,558.9241333,14.39999998,pen
0.403320313,354.6,0,0,0,0,0,0,281.5788879,553.0234375,11.29999995,pen
0.5625,84.89999998,0,0,0,0,0,0,287.0860901,561.2843628,11.5,pen
0.34765625,504.4,0,0,0,0,0,0,304.3946228,555.7770996,11.60000002,pen
0.368164063,76,-0.393371582,0,0.393371582,-0.393371582,0,0.393371582,312.2621765,550.2698364,10.89999998,pen
0.430664063,104.5,0,0,0,0,0,0,326.8171082,550.2698364,11.29999995,pen
0.399414063,67.39999998,0,0,0,0,0,0,327.6038513,551.4500122,10.69999993,pen
0.2421875,869,0,0,0,0,0,0,357.5004578,542.0089722,11.89999998,pen
0.302734375,81.29999995,-0.393371582,0.393371582,0.556311426,-0.393371582,0.393371582,0.556311426,349.6329041,551.0565796,11.60000002,pen
0.291992188,91.60000002,0,0,0,0,0,0,351.2063904,553.8102417,11.29999995,pen
0.217773438,64.79999995,0,0,0,0,0,0,353.9600525,556.1705322,11.70000005,pen
0.340820313,124.5,0.393371582,0,0.393371582,0.393371582,0,0.393371582,348.4527893,569.1518555,14,pen
0.267578125,87.60000002,0,0,0,0,0,0,363.0077209,566.0048828,12.89999998,pen
0.651367188,712,0.393371582,0,0.393371582,0.393371582,0,0.393371582,366.1546936,553.0234375,15.0999999,pen
0.08984375,30.79999995,-0.786682129,-0.393371582,0.879551007,-0.786682129,-0.393371582,0.879551007,376.7759094,549.8764648,11,pen
0.508789063,157.6,0,0,0,0,0,0,386.2169495,541.222168,14.30000007,pen
0.389648438,1186.7,0,0,0,0,0,0,403.5254211,548.3029785,11.4000001,pen
0.129882813,117,0,0.393432617,0.393432617,0,0.393432617,0.393432617,400.3784485,557.7440186,13.60000002,pen
0.405273438,114.7,-0.393371582,0,0.393371582,-0.393371582,0,0.393371582,418.4737244,549.8764648,11.29999995,pen
0.276367188,58.20000005,0,0,0,0,0,0,402.738678,559.7108765,11.5,pen
0.39453125,77.10000002,0,-0.393371582,0.393371582,0,-0.393371582,0.393371582,413.3598938,554.2036133,11.79999995,pen
0.642578125,113.8,-0.393310547,0,0.393310547,-0.393310547,0,0.393310547,409.8195496,571.1187744,12.19999993,pen
0.526367188,9746.9,0.424987793,-0.424987793,0.601023501,0.424987793,-0.424987793,0.601023501,438.5851135,557.3401489,15,pen
0.092773438,1870.3,-0.424987793,0,0.424987793,-0.424987793,0,0.424987793,488.7393494,521.2120972,10.89999998,pen
0.314453125,112.7,0,0,0,0,0,0,487.8891907,528.4376831,11.89999998,pen
0.182617188,74.19999993,0,-0.425048828,0.425048828,0,-0.425048828,0.425048828,490.4394836,537.3634644,11.39999998,pen
0.145507813,136.3000001,-0.424987793,0,0.424987793,-0.424987793,0,0.424987793,499.7902527,532.2630615,14.4000001,pen
0.176757813,237.3000001,0,0,0,0,0,0,490.4394836,538.6386108,10.89999998,pen
0.375,748.6,0,0,0,0,0,0,501.0653381,527.5876465,11.4000001,pen
0.283203125,136.6,-0.425109863,0,0.425109863,-0.425109863,0,0.425109863,501.0653381,528.0126953,11.89999998,pen
0.267578125,233.8,0,0,0,0,0,0,520.6169739,528.4376831,10.69999993,pen
0.267578125,370.7,0,0,0,0,0,0,531.2428894,525.4624634,11.80000007,pen
0.677734375,149.4,0,0,0,0,0,0,555.0448303,524.6124268,10.69999993,pen
0.198242188,64.60000002,0,0,0,0,0,0,551.6445618,533.538208,12.10000002,pen
0.184570313,48,-0.850097656,0,0.850097656,-0.850097656,0,0.850097656,555.0448303,542.0388794,12.29999995,pen
0.528320313,116,0,0,0,0,0,0,570.7710876,517.3868408,11.5,pen
0.416992188,86.10000002,-0.424987793,0.425109863,0.601109824,-0.424987793,0.425109863,0.601109824,575.0215149,517.3868408,10.89999998,pen
0.443359375,141.5,-0.425048828,-0.425048828,0.601109817,-0.425048828,-0.425048828,0.601109817,580.5469055,524.6124268,11.5,pen
0.418945313,214.3,0,0.425048828,0.425048828,0,0.425048828,0.425048828,613.6997375,514.8366089,10.79999995,pen
0.328125,89,0,0,0,0,0,0,607.7492371,522.4872437,13.30000007,pen
0.505859375,139,0,0.425109863,0.425109863,0,0.425109863,0.425109863,606.4741516,540.7637939,12.89999998,pen
0.267578125,106.4000001,0.425109863,0,0.425109863,0.425109863,0,0.425109863,592.8730774,543.7389526,14.10000002,pen
0.590820313,119.7,0,0,0,0,0,0,611.5744934,545.4391479,11.79999995,pen
0.203125,265,0,0,0,0,0,0,633.2513733,555.2149658,11.5,pen
0.245117188,1447.9,0,0,0,0,0,0,492.9897156,559.0402832,10.4000001,pen
0.358398438,121.9,0.425048828,0,0.425048828,0.425048828,0,0.425048828,492.1396179,560.7404175,11,pen
0.370117188,165,0,0,0,0,0,0,492.5646057,566.2658691,10.89999998,pen
0.495117188,118.7,0.424987793,0,0.424987793,0.424987793,0,0.424987793,492.5646057,570.0912476,10.80000007,pen
0.365234375,158.1,0,0,0,0,0,0,485.3390198,577.3168335,11.29999995,pen
0.345703125,127.5,0,0,0,0,0,0,492.5646057,575.1915894,11,pen
0.240234375,95.20000005,0,0,0,0,0,0,494.6897888,580.2920532,12.20000005,pen
0.165039063,80.39999998,0,0,0,0,0,0,499.3652649,582.4172363,10.69999993,pen
0.3203125,135.1,0,-0.425048828,0.425048828,0,-0.425048828,0.425048828,490.4394836,591.7680054,10.60000002,pen
0.155273438,167.2,0,0.425048828,0.425048828,0,0.425048828,0.425048828,501.9153748,572.6414185,11.79999995,pen
0.278320313,127.4,0,0,0,0,0,0,507.0158386,578.1669312,11.20000005,pen
0.2421875,87.29999995,0,0,0,0,0,0,506.165802,582.4172363,10.5999999,pen
0.1953125,1348.7,0,0,0,0,0,0,528.2676086,562.4405518,11.20000005,pen
0.36328125,84.60000002,-0.425048828,0,0.425048828,-0.425048828,0,0.425048828,527.417511,567.1159058,12.89999998,pen
0.340820313,132.0999999,0.425048828,0,0.425048828,0.425048828,0,0.425048828,529.1177063,569.6661987,11.89999998,pen
0.31640625,115.4000001,0,0,0,0,0,0,529.5426941,573.4914551,11.5,pen
0.611328125,126.1,0,0,0,0,0,0,519.3418274,582.4172363,10.80000007,pen
0.2578125,150.4,0,0.425048828,0.425048828,0,0.425048828,0.425048828,534.6430969,566.2658691,11.29999995,pen
0.139648438,4745.6,0,0,0,0,0,0,560.1452942,561.5905151,11.79999995,pen
0.3984375,117.1,0,0,0,0,0,0,553.3447571,576.041687,11.89999998,pen
0.211914063,114.1,0,0,0,0,0,0,567.795929,571.7913208,10.39999998,pen
0.3125,91.80000007,0,0,0,0,0,0,569.0710144,581.5671387,11.5,pen
0.778320313,10202.3,-5.580444336,-0.797210693,5.637100662,-5.580444336,-0.797210693,5.637100662,552.3547058,361.506958,10.79999995,page
0.474609375,3921,1.594360352,0.797149658,1.782535416,1.594360352,0.797149658,1.782535416,370.5921326,459.5630798,11.9000001,page
0.552734375,457.3,5.580383301,-2.391601563,6.071279586,5.580383301,-2.391601563,6.071279586,388.9278259,473.9127502,11.89999998,page
0.666992188,1320.9,-9.56640625,1.594421387,9.698366259,-9.56640625,1.594421387,9.698366259,526.0469666,438.8357849,12.20000005,page
0.356445313,1571,0,-0.797149658,0.797149658,0,-0.797149658,0.797149658,577.0680847,426.8777466,11.4000001,page
0.642578125,17810.8,-16.74127197,1.594436646,16.81702755,-16.74127197,1.594436646,16.81702755,531.6274109,246.7095795,11.5,page
0.6796875,504.8000001,5.580444336,-1.594390869,5.803743725,5.580444336,-1.594390869,5.803743725,399.2915344,328.0243835,11.29999995,page
0.61328125,1318.4,1.594299316,-0.797241211,1.782521769,1.594299316,-0.797241211,1.782521769,392.9138489,280.1921082,12.29999995,page
0.33203125,2130.7,0.797180176,0,0.797180176,0.797180176,0,0.797180176,398.4942932,324.8355408,12,page
0.181640625,1252.4,-7.971984863,1.594451904,8.129872049,-7.971984863,1.594451904,8.129872049,508.5085144,278.5977478,12.5999999,page
0.220703125,1619,-20.72723389,3.986022949,21.10702735,-20.72723389,3.986022949,21.10702735,486.9840393,282.5837708,11.60000002,page
